ciudad,url
Madrid,https://www.comunicare.es/agencias-publicidad-madrid/
Barcelona,https://www.comunicare.es/agencias-publicidad-barcelona/
Valencia,https://www.comunicare.es/empresas-publicidad-en-valencia/
Sevilla,https://www.comunicare.es/empresas-de-publicidad-en-sevilla/
Zaragoza,https://www.comunicare.es/agencia-comunicacion-zaragoza/
Málaga,https://www.comunicare.es/agencias-publicidad-malaga/
Murcia,https://www.comunicare.es/agencia-publicidad-murcia/
Palma,https://www.comunicare.es/empresas-de-publicidad-en-palma/
Las Palmas de Gran Canaria,https://www.comunicare.es/empresas-de-publicidad-en-las-palmas-de-gran-canaria/
Bilbao,https://www.comunicare.es/empresas-de-publicidad-en-bilbao/
Alicante,https://www.comunicare.es/agencias-publicidad-alicante/
Córdoba,https://www.comunicare.es/agencias-publicidad-cordoba/
Valladolid,https://www.comunicare.es/agencia-publicidad-valladolid/
Vigo,https://www.comunicare.es/agencias-publicidad-vigo/
Gijón,https://www.comunicare.es/agencias-publicidad-en-gijon/
Hospitalet de Llobregat,https://www.comunicare.es/agencias-publicidad-en-hospitalet-de-llobregat/
Vitoria,https://www.comunicare.es/agencia-publicidad-vitoria/
La Coruña,https://www.comunicare.es/empresas-de-publicidad-en-la-coruna/
Elche,https://www.comunicare.es/agencia-publicidad-elche/
Granada,https://www.comunicare.es/empresas-de-publicidad-en-granada/
Tarrasa,https://www.comunicare.es/agencias-publicidad-en-tarrasa/
Badalona,https://www.comunicare.es/agencias-publicidad-en-badalona/
Oviedo,https://www.comunicare.es/empresas-de-publicidad-en-oviedo/
Cartagena,https://www.comunicare.es/empresas-de-publicidad-en-cartagena/
Sabadell,https://www.comunicare.es/agencias-publicidad-en-sabadell/
Jerez de la Frontera,https://www.comunicare.es/agencias-publicidad-en-jerez-de-la-frontera/
Móstoles,https://www.comunicare.es/agencias-publicidad-en-mostoles/
Santa Cruz de Tenerife,https://www.comunicare.es/agencia-publicidad-santa-cruz-tenerife/
Pamplona,https://www.comunicare.es/agencia-marketing-pamplona/
Almería,https://www.comunicare.es/agencias-publicidad-en-almeria/
Alcalá de Henares,https://www.comunicare.es/agencias-publicidad-en-alcala-de-henares/
Fuenlabrada,https://www.comunicare.es/agencia-publicidad-fuenlabrada/
Leganés,https://www.comunicare.es/agencias-publicidad-en-leganes/
San Sebastián,https://www.comunicare.es/empresas-de-publicidad-en-san-sebastian/
Getafe,https://www.comunicare.es/agencia-publicidad-getafe/
Burgos,https://www.comunicare.es/agencias-publicidad-en-burgos/
Albacete,https://www.comunicare.es/agencia-publicidad-albacete/
Santander,https://www.comunicare.es/agencia-publicidad-santander/
Castellón de la Plana,https://www.comunicare.es/agencias-publicidad-en-castellon-de-la-plana/
Alcorcón,https://www.comunicare.es/agencias-publicidad-en-alcorcon/
San Cristóbal de La Laguna,https://www.comunicare.es/agencias-publicidad-en-san-cristobal-de-la-laguna/
Logroño,https://www.comunicare.es/agencia-publicidad-logrono/
Badajoz,https://www.comunicare.es/agencia-publicidad-badajoz/
Salamanca,https://www.comunicare.es/agencias-publicidad-en-salamanca/
Huelva,https://www.comunicare.es/agencia-publicidad-huelva/
Marbella,https://www.comunicare.es/agencia-publicidad-marbella/
Lérida,https://www.comunicare.es/agencias-publicidad-en-lerida/
Tarragona,https://www.comunicare.es/agencias-publicidad-en-tarragona/
Dos Hermanas,https://www.comunicare.es/empresas-de-publicidad-en-dos-hermanas/
Torrejón de Ardoz,https://www.comunicare.es/agencias-publicidad-en-torrejon-de-ardoz/
Parla,https://www.comunicare.es/agencias-publicidad-en-parla/
Mataró,https://www.comunicare.es/agencias-publicidad-en-mataro/
León,https://www.comunicare.es/agencia-publicidad-leon/
Algeciras,https://www.comunicare.es/agencias-publicidad-en-algeciras/
Santa Coloma de Gramanet,https://www.comunicare.es/agencias-publicidad-en-santa-coloma-de-gramanet/
Alcobendas,https://www.comunicare.es/agencias-publicidad-en-alcobendas/
Cádiz,https://www.comunicare.es/agencias-publicidad-en-cadiz/
Jaén,https://www.comunicare.es/agencias-publicidad-en-jaen/
Orense,https://www.comunicare.es/empresas-de-publicidad-en-orense/
Reus,https://www.comunicare.es/empresas-de-publicidad-en-reus/
Telde,https://www.comunicare.es/agencias-publicidad-en-telde/
Gerona,https://www.comunicare.es/agencias-publicidad-en-gerona/
Baracaldo,https://www.comunicare.es/agencias-publicidad-en-baracaldo/
Lugo,https://www.comunicare.es/agencias-publicidad-en-lugo/
Santiago de Compostela,https://www.comunicare.es/agencias-publicidad-en-santiago-de-compostela/
Roquetas de Mar,https://www.comunicare.es/agencias-publicidad-en-roquetas-de-mar/
Cáceres,https://www.comunicare.es/agencias-publicidad-en-caceres/
Las Rozas de Madrid,https://www.comunicare.es/agencias-publicidad-en-las-rozas-de-madrid/
San Fernando,https://www.comunicare.es/agencias-publicidad-en-san-fernando/
Lorca,https://www.comunicare.es/empresas-de-publicidad-en-lorca/
Sant Cugat del Vallés,https://www.comunicare.es/agencias-de-marketing-online-y-digital-en-san-cugat-del-valles/
San Sebastián de los Reyes,https://www.comunicare.es/agencias-publicidad-en-san-sebastian-de-los-reyes/
Cornellá de Llobregat,https://www.comunicare.es/agencias-publicidad-en-cornella-de-llobregat/
El Puerto de Santa María,https://www.comunicare.es/agencias-publicidad-en-el-puerto-de-santa-maria/
Rivas-Vaciamadrid,https://www.comunicare.es/agencias-publicidad-en-rivas-vaciamadrid/
Melilla,https://www.comunicare.es/agencias-publicidad-en-melilla/
Pozuelo de Alarcón,https://www.comunicare.es/agencias-publicidad-en-pozuelo-de-alarcon/
Guadalajara,https://www.comunicare.es/agencia-publicidad-guadalajara/
Toledo,https://www.comunicare.es/agencias-publicidad-en-toledo/
Ceuta,https://www.comunicare.es/agencias-publicidad-en-ceuta/
Chiclana de la Frontera,https://www.comunicare.es/agencias-marketing-online-y-digital-en-chiclana-de-la-frontera/
El Ejido,https://www.comunicare.es/agencias-publicidad-en-el-ejido/
Talavera de la Reina,https://www.comunicare.es/agencias-publicidad-en-talavera-de-la-reina/
Torrevieja,https://www.comunicare.es/agencias-publicidad-en-torrevieja/
Mijas,https://www.comunicare.es/empresas-de-publicidad-en-mijas/
Torrente,https://www.comunicare.es/agencias-publicidad-en-torrente/
Coslada,https://www.comunicare.es/agencias-publicidad-en-coslada/
Vélez-Málaga,https://www.comunicare.es/agencias-publicidad-en-velez-malaga/
Arona,https://www.comunicare.es/agencias-publicidad-en-arona/
Fuengirola,https://www.comunicare.es/empresas-de-publicidad-en-fuengirola/
Palencia,https://www.comunicare.es/agencias-publicidad-en-palencia/
Avilés,https://www.comunicare.es/agencias-publicidad-en-aviles/
Guecho,https://www.comunicare.es/agencias-publicidad-en-guecho/
Manresa,https://www.comunicare.es/agencias-publicidad-en-manresa/
Rubí,https://www.comunicare.es/agencias-publicidad-en-rubi/
Orihuela,https://www.comunicare.es/agencias-publicidad-en-orihuela/
Valdemoro,https://www.comunicare.es/agencias-publicidad-en-valdemoro/
Alcalá de Guadaíra,https://www.comunicare.es/agencias-publicidad-en-alcala-de-guadaira/
Ciudad Real,https://www.comunicare.es/agencias-publicidad-en-ciudad-real/
Gandía,https://www.comunicare.es/agencias-publicidad-en-gandia/
Santa Lucía de Tirajana,https://www.comunicare.es/agencias-publicidad-en-santa-lucia-de-tirajana/
Molina de Segura,https://www.comunicare.es/agencias-publicidad-en-molina-de-segura/
Majadahonda,https://www.comunicare.es/empresas-de-publicidad-en-majadahonda/
Paterna,https://www.comunicare.es/agencias-publicidad-en-paterna/
Benidorm,https://www.comunicare.es/agencias-publicidad-en-benidorm/
Sanlúcar de Barrameda,https://www.comunicare.es/agencias-publicidad-en-sanlucar-de-barrameda/
Torremolinos,https://www.comunicare.es/agencias-publicidad-en-torremolinos/
Estepona,https://www.comunicare.es/empresas-de-publicidad-en-estepona/
Benalmádena,https://www.comunicare.es/agencias-publicidad-en-benalmadena/
Villanueva y Geltrú,https://www.comunicare.es/agencias-publicidad-en-villanueva-y-geltru/
Casteldefels,https://www.comunicare.es/agencias-publicidad-en-castelldefels/
Viladecans,https://www.comunicare.es/agencias-publicidad-en-viladecans/
Sagunto,https://www.comunicare.es/agencias-publicidad-en-sagunto/
Ferrol,https://www.comunicare.es/agencias-publicidad-en-ferrol/
Ponferrada,https://www.comunicare.es/empresas-de-publicidad-en-ponferrada/
El Prat de Llobregat,https://www.comunicare.es/agencias-publicidad-en-el-prat-de-llobregat/
Collado Villalba,https://www.comunicare.es/agencias-publicidad-en-collado-villalba/
La Línea de la Concepción,https://www.comunicare.es/agencias-publicidad-en-la-linea-de-la-concepcion/
Arrecife,https://www.comunicare.es/agencias-publicidad-en-arrecife/
Irún,https://www.comunicare.es/agencias-publicidad-en-irun/
Zamora,https://www.comunicare.es/agencias-publicidad-en-zamora/
Granollers,https://www.comunicare.es/agencias-publicidad-en-granollers/
Aranjuez,https://www.comunicare.es/agencias-publicidad-en-aranjuez/
Mérida,https://www.comunicare.es/agencias-publicidad-en-merida/
Alcoy,https://www.comunicare.es/empresas-de-publicidad-en-alcoy/
San Vicente del Raspeig,https://www.comunicare.es/agencias-publicidad-en-san-vicente-del-raspeig/
Motril,https://www.comunicare.es/agencias-publicidad-en-motril/
Ávila,https://www.comunicare.es/agencias-publicidad-en-avila/
Linares,https://www.comunicare.es/agencias-publicidad-en-linares/
Sardañola del Vallés,https://www.comunicare.es/agencias-publicidad-en-sardanola-del-valles/
Arganda del Rey,https://www.comunicare.es/agencias-publicidad-en-arganda-del-rey/
Cuenca,https://www.comunicare.es/agencia-publicidad-cuenca/
Boadilla del Monte,https://www.comunicare.es/agencias-y-empresas-de-diseno-grafico-en-boadilla-del-monte/
San Bartolomé de Tirajana,https://www.comunicare.es/agencias-publicidad-en-san-bartolome-de-tirajana/
Huesca,https://www.comunicare.es/agencias-publicidad-en-huesca/
Elda,https://www.comunicare.es/agencias-publicidad-en-elda/
Pinto,https://www.comunicare.es/agencias-publicidad-en-pinto/
Segovia,https://www.comunicare.es/agencias-publicidad-en-segovia/
Siero,https://www.comunicare.es/agencias-publicidad-en-siero/
Torrelavega,https://www.comunicare.es/agencias-publicidad-en-torrelavega/
Mollet del Vallés,https://www.comunicare.es/agencias-publicidad-en-mollet-del-valles/
Villareal,https://www.comunicare.es/agencias-publicidad-en-villareal/
Colmenar Viejo,https://www.comunicare.es/agencias-publicidad-en-colmenar-viejo/
Utrera,https://www.comunicare.es/agencias-publicidad-en-utrera/
Granadilla de Abona,https://www.comunicare.es/agencias-publicidad-en-granadilla-de-abona/
Ibiza,https://www.comunicare.es/agencia-publicidad-ibiza/
Adeje,https://www.comunicare.es/agencias-publicidad-en-adeje/
Tres Cantos,https://www.comunicare.es/agencias-publicidad-en-tres-cantos/
Rincón de la Victoria,https://www.comunicare.es/agencias-publicidad-en-rincon-de-la-victoria/
Puertollano,https://www.comunicare.es/agencias-publicidad-en-puertollano/
Gavá,https://www.comunicare.es/agencias-publicidad-en-gava/
Esplugas de Llobregat,https://www.comunicare.es/agencias-publicidad-en-esplugas-de-llobregat/
Figueras,https://www.comunicare.es/agencias-publicidad-en-figueras/
Vich,https://www.comunicare.es/agencias-publicidad-en-vich/
Mairena del Aljarafe,https://www.comunicare.es/agencias-publicidad-en-mairena-de-aljarafe/
Santurce,https://www.comunicare.es/agencias-publicidad-en-santurce/
Portugalete,https://www.comunicare.es/agencias-publicidad-en-portugalete/
San Feliú de Llobregat,https://www.comunicare.es/marketing-digital-y-online-en-sant-feliu-de-llobregat/
Alcira,https://www.comunicare.es/agencias-publicidad-en-alcira/
Manacor,https://www.comunicare.es/agencias-publicidad-en-manacor/
Mislata,https://www.comunicare.es/agencias-publicidad-en-mislata/
Lucena,https://www.comunicare.es/agencias-publicidad-en-lucena/
Denia,https://www.comunicare.es/agencias-publicidad-en-denia/
Alcantarilla,https://www.comunicare.es/agencias-publicidad-en-alcantarilla/
La Orotava,https://www.comunicare.es/agencias-publicidad-en-la-orotava//
Puerto Real,https://www.comunicare.es/agencias-publicidad-en-puerto-real/
Antequera,https://www.comunicare.es/agencias-publicidad-en-antequera/
Puerto del Rosario,https://www.comunicare.es/las-mejores-agencias-publicidad-en-puerto-del-rosario/
Basauri,https://www.comunicare.es/agencias-publicidad-en-basauri/
Alhaurín de la Torre,https://www.comunicare.es/agencias-publicidad-en-alhaurin-de-la-torre/
