ciudad,ciudad_url,empresa,web,email,telefono
Madrid,https://www.comunicare.es/agencias-publicidad-madrid/,Ecoeureka,https://www.ecoeureka.com/,,
Madrid,https://www.comunicare.es/agencias-publicidad-madrid/,Marketinet,https://www.marketinet.com/#gref,,(+34) 91 712 34 20
Madrid,https://www.comunicare.es/agencias-publicidad-madrid/,Elogia,https://elogia.net/,info@elogia.net,(+34) 93 240 60 00
Madrid,https://www.comunicare.es/agencias-publicidad-madrid/,Watermelon,https://www.watermelonmarketing.com/,info@wmkt.es,721514134
Madrid,https://www.comunicare.es/agencias-publicidad-madrid/,IOMarketing,https://www.iomarketing.es/,info@iomarketing.es,(+34) 91 825 28 09
Madrid,https://www.comunicare.es/agencias-publicidad-madrid/,3Cero,https://3cero.com/,,707061139
Madrid,https://www.comunicare.es/agencias-publicidad-madrid/,Ozono Comunicación,https://ozonocomunicacion.com/,info@ozonocomunicacion.com,(+34) 91 016 75 00
Madrid,https://www.comunicare.es/agencias-publicidad-madrid/,Gacela Web,https://www.gacelaweb.com/,info@gacelaweb.com,(+34) 91 605 95 09
Madrid,https://www.comunicare.es/agencias-publicidad-madrid/,Buda Marketing,https://budamarketing.es/,info@budamarketing.es,910667137
Madrid,https://www.comunicare.es/agencias-publicidad-madrid/,isolated,https://www.isolated.es/,hola@estrategikadigital.com,(+34) 91 310 00 39
Madrid,https://www.comunicare.es/agencias-publicidad-madrid/,Mr Rabbit,https://mrrabbit.es/,contacto@mrrabbit.es,
Madrid,https://www.comunicare.es/agencias-publicidad-madrid/,Posizionarte (PZT),https://pzt.es/?gclid=Cj0KCQiAhs79BRD0ARIsAC6XpaXPO-3mbweZ0RjGTiTN_BvgP2hwXNX6UnfSpzN1Mk2EDv4sCEJoIHAaAvITEALw_wcB,info@pzt.es,958169199
Madrid,https://www.comunicare.es/agencias-publicidad-madrid/,Sr. Potato,https://srpotato.com/,,911765225
Madrid,https://www.comunicare.es/agencias-publicidad-madrid/,Somos Waka,https://www.somoswaka.com/,info@somoswaka.com,(+34) 91 172 72 04
Madrid,https://www.comunicare.es/agencias-publicidad-madrid/,Md Marketing Digital,https://www.mdmarketingdigital.com/es,info@mdmarketingdigital.com,(+34) 95 150 61 32
Madrid,https://www.comunicare.es/agencias-publicidad-madrid/,Web Temática,https://webtematica.com/,info@webtematica.com,(+34) 644 34 01 19
Madrid,https://www.comunicare.es/agencias-publicidad-madrid/,Marketin House,https://www.marketinhouse.es/,contacto@marketinhouse.es,(+34) 91 027 96 87
Madrid,https://www.comunicare.es/agencias-publicidad-madrid/,Sidn,https://www.sidn.es/,info@sidn.es,998665131
Barcelona,https://www.comunicare.es/agencias-publicidad-barcelona/,GMedia,https://www.gmedia.es/,hello@gmedia.es,(+34) 93 737 98 89
Barcelona,https://www.comunicare.es/agencias-publicidad-barcelona/,Factoría Creativa,https://www.factoriacreativabarcelona.es/,factoriacreativa@factoriacreativa.net,933171771
Barcelona,https://www.comunicare.es/agencias-publicidad-barcelona/,Monster Digital,https://monsterdigital.agency/,,670321433
Barcelona,https://www.comunicare.es/agencias-publicidad-barcelona/,Wanaclick,https://wanaclick.com/,,
Barcelona,https://www.comunicare.es/agencias-publicidad-barcelona/,Makkao,https://www.makkao.com/,info@makkao.com,933258289
Barcelona,https://www.comunicare.es/agencias-publicidad-barcelona/,BCN Marketing Online,https://www.bcnmarketingonline.com/agencia-de-marketing-digital/,,
Barcelona,https://www.comunicare.es/agencias-publicidad-barcelona/,v3rtice,https://www.v3rtice.com/index.html,barcelona@v3rtice.com,906028812
Barcelona,https://www.comunicare.es/agencias-publicidad-barcelona/,MB Marketing,https://mbmarketing.es/,info@mbmarketing.es,(+34) 93 512 91 89
Barcelona,https://www.comunicare.es/agencias-publicidad-barcelona/,Ei Innova,https://www.einnova.com/conocenos/agencia-marketing-online-barcelona,,686468612
Barcelona,https://www.comunicare.es/agencias-publicidad-barcelona/,Ondho,https://www.ondho.com/,info@ondho.com,(+34) 93 345 49 06
Barcelona,https://www.comunicare.es/agencias-publicidad-barcelona/,Consulweb,https://www.consulweb.net/,office@ourbusiness.com,(+34) 93 492 06 06
Barcelona,https://www.comunicare.es/agencias-publicidad-barcelona/,RODANET,https://rodanet.com/,info@rodanet.es,(+34) 93 328 46 34
Barcelona,https://www.comunicare.es/agencias-publicidad-barcelona/,SER o no SER,https://www.snsmarketing.es/,info@snsmarketing.es,(+34) 91 400 90 58
Barcelona,https://www.comunicare.es/agencias-publicidad-barcelona/,Team Lewis,https://www.teamlewis.com/es/,,716469777
Barcelona,https://www.comunicare.es/agencias-publicidad-barcelona/,DosSetenta,https://dossetenta.com/,info@dossetenta.es,910913331
Barcelona,https://www.comunicare.es/agencias-publicidad-barcelona/,Difunde Online,https://www.difundeonline.com/,,
Barcelona,https://www.comunicare.es/agencias-publicidad-barcelona/,NeoAttack,https://neoattack.com/?gclid=CjwKCAiA17P9BRB2EiwAMvwNyH2UOvmz7PnsNC6enRxCch4LGN9d2Vz95dzH1pJReYptuVSoxxEmURoCnsQQAvD_BwE,info@neoattack.com,(+34) 91 061 20 29
Barcelona,https://www.comunicare.es/agencias-publicidad-barcelona/,Ide Marketing,https://www.ide.marketing/agencia-marketing-digital/?gclid=Cj0KCQiA-rj9BRCAARIsANB_4ACg-JmAiZ_cpzeogXO8UtfZd6Kx3jYLQ73EkaJtsyn0fODcfE3RERQaAvb0EALw_wcB,hola@ide.marketing,(+34) 91 192 51 80
Barcelona,https://www.comunicare.es/agencias-publicidad-barcelona/,K-digital,https://www.k-digital.es/,info@k-digital.es,(+34) 91 827 13 90
Barcelona,https://www.comunicare.es/agencias-publicidad-barcelona/,Shackleton,https://www.shackletongroup.com/,,
Barcelona,https://www.comunicare.es/agencias-publicidad-barcelona/,Socialmood,https://www.socialmood.com/,,
Barcelona,https://www.comunicare.es/agencias-publicidad-barcelona/,Atrevia,https://www.atrevia.com/,argentina@atrevia.com,(+34) 91 564 07 25
Barcelona,https://www.comunicare.es/agencias-publicidad-barcelona/,DDB,https://ddb.es/,,(+34) 91 456 44 00
Barcelona,https://www.comunicare.es/agencias-publicidad-barcelona/,Grey,https://www.grey.com/es-la/spain,,
Barcelona,https://www.comunicare.es/agencias-publicidad-barcelona/,Proximity,https://www.proximitymadrid.es/,,(+34) 91 384 00 41
Barcelona,https://www.comunicare.es/agencias-publicidad-barcelona/,Iootec,https://www.iootec.com/,info@iootec.com,
Barcelona,https://www.comunicare.es/agencias-publicidad-barcelona/,Funky Marketing,https://www.funkymk.com/,,
Sevilla,https://www.comunicare.es/empresas-de-publicidad-en-sevilla/,Pzt,https://pzt.es/,info@pzt.es,958169199
Sevilla,https://www.comunicare.es/empresas-de-publicidad-en-sevilla/,NeoAttack,https://neoattack.com/,info@neoattack.com,(+34) 91 061 20 29
Sevilla,https://www.comunicare.es/empresas-de-publicidad-en-sevilla/,Digitalmenta,https://www.digitalmenta.com/,,941123810
Sevilla,https://www.comunicare.es/empresas-de-publicidad-en-sevilla/,Nivoria,https://nivoria.com/,bcn@nivoria.com,(+34) 91 415 01 30
Sevilla,https://www.comunicare.es/empresas-de-publicidad-en-sevilla/,Morgan Media,https://morganmedia.es/,info@morganmedia.es,915154055
Sevilla,https://www.comunicare.es/empresas-de-publicidad-en-sevilla/,Kanlli,https://www.kanlli.com/,info@kanlli.com,(+34) 91 725 92 20
Sevilla,https://www.comunicare.es/empresas-de-publicidad-en-sevilla/,Tuposicionamientoweb,https://www.tuposicionamientoweb.net/,info@tuposicionamientoweb.net,917518288
Sevilla,https://www.comunicare.es/empresas-de-publicidad-en-sevilla/,Soloseoysem,https://www.soloseoysem.es/,info@soloseoysem.es,(+34) 91 110 08 70
Sevilla,https://www.comunicare.es/empresas-de-publicidad-en-sevilla/,La clé,https://lacle.es/,info@lacle.es,(+34) 91 402 39 98
Sevilla,https://www.comunicare.es/empresas-de-publicidad-en-sevilla/,Entraenlared,https://www.entraenlared.com/,,(+34) 91 747 82 06
Sevilla,https://www.comunicare.es/empresas-de-publicidad-en-sevilla/,Optimizaclick,https://www.optimizaclick.com/,atencionalcliente@qdq.com,(+34) 91 837 39 90
Sevilla,https://www.comunicare.es/empresas-de-publicidad-en-sevilla/,Todosemseo,https://todosemseo.es/,info@todosemseo.es,910011116
Sevilla,https://www.comunicare.es/empresas-de-publicidad-en-sevilla/,Idento,https://www.idento.es/,info@idento.es,(+34) 95 819 97 77
Sevilla,https://www.comunicare.es/empresas-de-publicidad-en-sevilla/,Mkparadise,https://mkparadise.com/,hola@mkparadise.com,949494246
Sevilla,https://www.comunicare.es/empresas-de-publicidad-en-sevilla/,Uptobemarketing,https://uptobemarketing.com/,Info@uptobemarketing.com,(+34) 605 47 63 00
Sevilla,https://www.comunicare.es/empresas-de-publicidad-en-sevilla/,Xpertix,https://xpertix.com/,info@xpertix.com,616952711
Sevilla,https://www.comunicare.es/empresas-de-publicidad-en-sevilla/,Marketing Web Consulting,https://marketingwebmadrid.es/,info@marketingwebmadrid.es,(+34) 91 471 25 40
Sevilla,https://www.comunicare.es/empresas-de-publicidad-en-sevilla/,Adrenalina,https://www.adrenalina.es/,info@adrenalina.es,(+34) 630 20 36 99
Sevilla,https://www.comunicare.es/empresas-de-publicidad-en-sevilla/,Agencia SEO,https://agenciaseo.eu/,info@agenciaseo.eu,(+34) 644 73 73 75
Sevilla,https://www.comunicare.es/empresas-de-publicidad-en-sevilla/,Websa100,https://www.seoptimer.com/es/blog/,,795048221
Sevilla,https://www.comunicare.es/empresas-de-publicidad-en-sevilla/,Excusemecaptain,https://www.excusemecaptain.com/,hola@excusemecaptain.com,712002110
Alicante,https://www.comunicare.es/agencias-publicidad-alicante/,Ana Espadas,https://anaespadas.es/,directora@anaespadas.es,
Alicante,https://www.comunicare.es/agencias-publicidad-alicante/,Fusión Arte Comunicación,https://fusionartecomunicacion.com/,info@fusionartecomunicacion.com,776251125
Alicante,https://www.comunicare.es/agencias-publicidad-alicante/,Grupo Antón,https://www.grupoanton.es/,info@grupoanton.es,965442612
Alicante,https://www.comunicare.es/agencias-publicidad-alicante/,Mediterracinama,https://www.mediterracinema.com/agencia-publicidad-alicante/,info@mediterracinema.com,620657030
Alicante,https://www.comunicare.es/agencias-publicidad-alicante/,Grupo Goliat,https://www.grupogoliat.com/,info@grupogoliat.com,(+34) 96 661 42 51
Alicante,https://www.comunicare.es/agencias-publicidad-alicante/,Lotus Innovation,https://lotusinnovation.es/agencia-de-publicidad-y-marketing/,,832153600
Alicante,https://www.comunicare.es/agencias-publicidad-alicante/,Agencia Mondo,https://www.somoslamondo.com/,,
Alicante,https://www.comunicare.es/agencias-publicidad-alicante/,Dany del Valle,https://www.danydelvalle.com/agencia-publicidad-alicante/,contacto@danydelvalle.com,(+34) 96 638 48 14
Córdoba,https://www.comunicare.es/agencias-publicidad-cordoba/,"Yabadabadú,",https://yabadabadu.es/,,
Córdoba,https://www.comunicare.es/agencias-publicidad-cordoba/,Banner Publicidad,https://www.bannerpublicidad.com/,info@bannerpublicidad.com,(+34) 91 638 19 59
Córdoba,https://www.comunicare.es/agencias-publicidad-cordoba/,Ad Interactive,https://www.adinteractive.es/,,
Córdoba,https://www.comunicare.es/agencias-publicidad-cordoba/,"Tresce,",https://www.tresce.com/,agencia@im.education,911593433
Córdoba,https://www.comunicare.es/agencias-publicidad-cordoba/,GuellCom,https://guellcom.com/,administracion@guellcom.miwebnueva.net,721514134
Córdoba,https://www.comunicare.es/agencias-publicidad-cordoba/,"We Are Marketing,",https://www.wearemarketing.com/es/,,+3451200630
Córdoba,https://www.comunicare.es/agencias-publicidad-cordoba/,Ser SEO,https://serseo.es/,contacto@serseo.es,(+34) 90 273 74 99
Córdoba,https://www.comunicare.es/agencias-publicidad-cordoba/,"Concepto 05,",https://www.concepto05.com/,info@concepto05.com,915326504
Córdoba,https://www.comunicare.es/agencias-publicidad-cordoba/,"Mocan Web,",https://mocanweb.com/,,
Valladolid,https://www.comunicare.es/agencia-publicidad-valladolid/,"IDEAFIX, agencia de publicidad Valladolid",https://ideafix.es/,,
Valladolid,https://www.comunicare.es/agencia-publicidad-valladolid/,"Capitán Quimera,agencia creativia y de publicidad en Valladolid",https://www.capitanquimera.com/,,(+34) 98 366 00 67
Valladolid,https://www.comunicare.es/agencia-publicidad-valladolid/,"Power Marketing,agencia de marketing online Valladolid",https://powermarketing.es/,info@powermarketing.es,(+34) 691 41 96 65
Valladolid,https://www.comunicare.es/agencia-publicidad-valladolid/,"RQR Comunicación, agencia creativa especializada en diseño web",https://www.rqrcom.com/,rqr@rqrcom.com,983307944
Valladolid,https://www.comunicare.es/agencia-publicidad-valladolid/,"alQuimia Publicidad, agencia publicidad Valladolid",https://alquimiapublicidad.es/,info@alquimiapublicidad.es,757699487
Valladolid,https://www.comunicare.es/agencia-publicidad-valladolid/,"Trama Publicidad, agencia de marketing digital",https://www.tramapublicidad.com/,info@tramapublicidad.com,(+34) 651 62 02 94
Valladolid,https://www.comunicare.es/agencia-publicidad-valladolid/,"IPSOIDEAS, agencia de publicidad y diseño web",https://ipsoideas.es/,,(+34) 697 47 69 98
Valladolid,https://www.comunicare.es/agencia-publicidad-valladolid/,"Studio Proyect, especializada en diseño web Valladolid",http://studioproyect.com/,,640323201
Valladolid,https://www.comunicare.es/agencia-publicidad-valladolid/,"Bonito nombre, agencia publicidad Valladolid",https://bonitonombre.com/,estudio@bonitonombre.com,600361038
Valladolid,https://www.comunicare.es/agencia-publicidad-valladolid/,"Cult for the Best,",https://cultforthebest.es/,,
Valladolid,https://www.comunicare.es/agencia-publicidad-valladolid/,"VELA Publicidad y Diseño, agencia especializada en publicidad Valladolid",https://www.velapublicidad.es/,info@velapublicidad.es,983445931
Gijón,https://www.comunicare.es/agencias-publicidad-en-gijon/,"G4 Marketing Online,",https://g4marketingonline.com/,,946577345
Gijón,https://www.comunicare.es/agencias-publicidad-en-gijon/,Zesto,https://www.zesto.es/,nombre@ejemplo.com,(+34) 98 516 38 91
Gijón,https://www.comunicare.es/agencias-publicidad-en-gijon/,"JoseAlvarGonzalez,",https://josealvargonzalez.es/,jose@josealvargonzalez.es,(+34) 623 72 96 35
La Coruña,https://www.comunicare.es/empresas-de-publicidad-en-la-coruna/,Visual Publinet,https://visualpublinet.com/,produccion@visualpublinet.com,981129503
La Coruña,https://www.comunicare.es/empresas-de-publicidad-en-la-coruna/,Ingenio Media,https://ingeniomedia.es/,ingenio@ingeniomedia.es,(+34) 88 199 20 72
Granada,https://www.comunicare.es/empresas-de-publicidad-en-granada/,Limón Publicidad,https://limonpublicidad.com/,juanperozogonzalez@gmail.com,958521848
Granada,https://www.comunicare.es/empresas-de-publicidad-en-granada/,B2 Publicidad,https://b2publicidad.com/,hola@b2publicidad.com,(+34) 95 810 24 10
Granada,https://www.comunicare.es/empresas-de-publicidad-en-granada/,Equilátera,https://www.equilatera.es/,,
Tarrasa,https://www.comunicare.es/agencias-publicidad-en-tarrasa/,BrainUpGroup,https://www.brainupgrup.com/,info@brainupgrup.com,958304958
Tarrasa,https://www.comunicare.es/agencias-publicidad-en-tarrasa/,La Pometa,https://www.lapometa.com/,hola@somoszetta.com,828871647
Tarrasa,https://www.comunicare.es/agencias-publicidad-en-tarrasa/,PublitesaComunicació,https://www.publitesa.es/,,601149513
Tarrasa,https://www.comunicare.es/agencias-publicidad-en-tarrasa/,PosWeb,https://posicionamiento-web-barcelona.com/,hola@posicionamiento-web-barcelona.com,(+34) 640 31 24 47
Oviedo,https://www.comunicare.es/empresas-de-publicidad-en-oviedo/,JG Design,https://www.jgdesign.es/,,818801638
Oviedo,https://www.comunicare.es/empresas-de-publicidad-en-oviedo/,Neo Zink,https://neozink.com/,info@neozink.com,(+34) 90 299 93 68
Oviedo,https://www.comunicare.es/empresas-de-publicidad-en-oviedo/,Bendito Dilema,https://www.benditodilema.com/,hola@benditodilema.com,998213121
Cartagena,https://www.comunicare.es/empresas-de-publicidad-en-cartagena/,Athos Online,https://athosonline.com/,info@athosonline.com,(+34) 86 812 47 18
Cartagena,https://www.comunicare.es/empresas-de-publicidad-en-cartagena/,FJ Publicidad,https://fjpublicidad.com/,correo@fjpublicidad.com,(+34) 96 852 25 34
Cartagena,https://www.comunicare.es/empresas-de-publicidad-en-cartagena/,Newrona,https://newronacomunicacion.com/,info@newronacomunicacion.com,(+34) 86 806 29 03
Jerez de la Frontera,https://www.comunicare.es/agencias-publicidad-en-jerez-de-la-frontera/,Boox,https://www.boox.es/,info@boox.es,956741090
Jerez de la Frontera,https://www.comunicare.es/agencias-publicidad-en-jerez-de-la-frontera/,Tree Comunicación,https://www.treecomunicacion.es/,hola@treecomunicacion.es,856159177
Móstoles,https://www.comunicare.es/agencias-publicidad-en-mostoles/,Morgan Media,https://publydea.com/,info@publydea.com,(+34) 92 562 63 81
Móstoles,https://www.comunicare.es/agencias-publicidad-en-mostoles/,Repapubli,https://repapubli.com/,comercial@repapubli.com,812136241
Móstoles,https://www.comunicare.es/agencias-publicidad-en-mostoles/,Profesionales Marketing,https://www.profesionalesmarketing.es/,daniel@profesionalesmarketing.es,(+34) 695 55 36 62
Santa Cruz de Tenerife,https://www.comunicare.es/agencia-publicidad-santa-cruz-tenerife/,Walterman,https://walterman.es/,,
Santa Cruz de Tenerife,https://www.comunicare.es/agencia-publicidad-santa-cruz-tenerife/,NeoAttack,https://neoattack.com/?gclid=Cj0KCQiAhs79BRD0ARIsAC6XpaXP1Qc5pu8y-eKp4ahf7_K0YcG4J0B9vCx7VAVFNvOK1271wK53_0YaAp_3EALw_wcB,info@neoattack.com,(+34) 91 061 20 29
Santa Cruz de Tenerife,https://www.comunicare.es/agencia-publicidad-santa-cruz-tenerife/,Aula CM,https://aulacm.com/,bruno@aulacm.com,692307692
Pamplona,https://www.comunicare.es/agencia-marketing-pamplona/,Hansel & Gretel,http://www.hanselgretel.es/,,
Pamplona,https://www.comunicare.es/agencia-marketing-pamplona/,Caos Creativo,http://caoscreativo.net/,,
Pamplona,https://www.comunicare.es/agencia-marketing-pamplona/,Cabinet Comunicación,https://www.cabinet.es/,cabinet@cabinet.es,(+34) 681 60 74 79
Pamplona,https://www.comunicare.es/agencia-marketing-pamplona/,With Marketing,https://withmarketing.es/,info@withmarketing.es,699722859
Pamplona,https://www.comunicare.es/agencia-marketing-pamplona/,Zoping,https://zoping.es/,,840979250
Pamplona,https://www.comunicare.es/agencia-marketing-pamplona/,The Room 116,https://www.theroom116.com/,lobby@theroom116.com,948965007
Pamplona,https://www.comunicare.es/agencia-marketing-pamplona/,ttandem,https://www.ttandem.com/,,947505260
Pamplona,https://www.comunicare.es/agencia-marketing-pamplona/,LaLupaCreativa,https://lupacreativa.es/marketing-online-pamplona/,info@lupacreativa.es,600601047
Pamplona,https://www.comunicare.es/agencia-marketing-pamplona/,Token Media,https://tokenmed.es/,hola@tokenmed.es,750573514
Pamplona,https://www.comunicare.es/agencia-marketing-pamplona/,Zenith Digital Marketing,https://somoszenith.com/,info@somoszenith.com,(+34) 94 898 55 84
Pamplona,https://www.comunicare.es/agencia-marketing-pamplona/,Navarra Marketing,https://navarramarketing.es/,contacto@navarramarketing.es,(+34) 644 61 14 94
Almería,https://www.comunicare.es/agencias-publicidad-en-almeria/,Fama Publicidad,https://famapublicidad.es/,info@famapublicidad.es,721514134
Almería,https://www.comunicare.es/agencias-publicidad-en-almeria/,Resolving,https://resolving.es/,info@resolving.es,(+34) 614 01 34 89
Alcalá de Henares,https://www.comunicare.es/agencias-publicidad-en-alcala-de-henares/,GrupoLevanta,https://www.grupolevanta.com/,,
Alcalá de Henares,https://www.comunicare.es/agencias-publicidad-en-alcala-de-henares/,Método Marketing,https://metodomarketing.com/,hola@metodomarketing.com,(+34) 633 40 01 23
Alcalá de Henares,https://www.comunicare.es/agencias-publicidad-en-alcala-de-henares/,Barraquete,https://www.barraquete.com/,hablemos@barraquete.com,918206206
Alcalá de Henares,https://www.comunicare.es/agencias-publicidad-en-alcala-de-henares/,LeadMotiv,https://leadmotiv.com/marketing-digital-en-alcala-de-henares/,info@leadmotiv.com,(+34) 640 50 97 73
Alcalá de Henares,https://www.comunicare.es/agencias-publicidad-en-alcala-de-henares/,WaveOnMedia,https://waveonmedia.com/,info@waveonmedia.com,642517339
Alcalá de Henares,https://www.comunicare.es/agencias-publicidad-en-alcala-de-henares/,Agencia Fandom,https://agenciafandom.com/,curro@agenciafandom.com,(+34) 91 517 88 80
Leganés,https://www.comunicare.es/agencias-publicidad-en-leganes/,QDR Comunicación,https://qdrcomunicacion.com/,,
Leganés,https://www.comunicare.es/agencias-publicidad-en-leganes/,Los martes no hay Luna,https://losmartesnohayluna.com/,hola@losmartesnohayluna.com,686468612
San Sebastián,https://www.comunicare.es/empresas-de-publicidad-en-san-sebastian/,Maddon,https://maddon.eu/,hello@maddon.eu,640059033
San Sebastián,https://www.comunicare.es/empresas-de-publicidad-en-san-sebastian/,Biokom,https://www.biokcom.com/,,943332267
Burgos,https://www.comunicare.es/agencias-publicidad-en-burgos/,O2studio,https://o2studio.net/,info@o2studio.es,693578062
Burgos,https://www.comunicare.es/agencias-publicidad-en-burgos/,Desafío comunicación,https://www.desafiocomunicacion.com/,,833333333
Burgos,https://www.comunicare.es/agencias-publicidad-en-burgos/,Innovanity,https://innovanity.com/,info@innovanity.com,(+34) 94 720 61 80
Albacete,https://www.comunicare.es/agencia-publicidad-albacete/,Cutter Publicidad,https://cutter.es/,hola@cutter.es,(+34) 96 766 65 55
Albacete,https://www.comunicare.es/agencia-publicidad-albacete/,Stazione Creatives,https://www.facebook.com/StazioneCreatives/,,
Albacete,https://www.comunicare.es/agencia-publicidad-albacete/,Albacete Digital,https://www.albacetedigital.com/,albacetedigital@albacetedigital.com,710405411
Albacete,https://www.comunicare.es/agencia-publicidad-albacete/,Publíciti,http://www.publiciti.es/comunicacion/,,
Albacete,https://www.comunicare.es/agencia-publicidad-albacete/,Grupo Enuno,https://grupoenuno.es/,info@grupoenuno.es,967192562
Albacete,https://www.comunicare.es/agencia-publicidad-albacete/,Publigar,https://www.publigar.es/,publigar@publigar.es,(+34) 669 88 09 44
Albacete,https://www.comunicare.es/agencia-publicidad-albacete/,Colibris,https://colibris.es/,info@colibris.es,967672827
Albacete,https://www.comunicare.es/agencia-publicidad-albacete/,Lagahe,https://lagahe.com/,contacto@lagahe.com,(+34) 96 710 14 30
Albacete,https://www.comunicare.es/agencia-publicidad-albacete/,Báltico Estudio,https://balticoestudio.com/,hola@balticoestudio.com,789069226
Albacete,https://www.comunicare.es/agencia-publicidad-albacete/,Atalantic,https://atalantic.com/,info@atalantic.com,(+34) 96 703 47 54
Santander,https://www.comunicare.es/agencia-publicidad-santander/,La hormiga comunicación,https://www.lahormigacomunicacion.com/,,942792955
Santander,https://www.comunicare.es/agencia-publicidad-santander/,Axolot Agencia – Diseño Web y SEO,https://axolotagencia.com/,axolotcontacto@gmail.com,(+34) 722 27 72 61
Santander,https://www.comunicare.es/agencia-publicidad-santander/,Impacto SEO,https://impactoseo.com/,info@impactoseo.com,(+34) 91 109 05 02
Santander,https://www.comunicare.es/agencia-publicidad-santander/,Internet República,https://internetrepublica.com/,hola@internetrepublica.com,(+34) 91 391 33 05
Santander,https://www.comunicare.es/agencia-publicidad-santander/,Bocetos,https://www.bocetos.com/,info@bocetos.com,(+34) 91 629 57 58
Castellón de la Plana,https://www.comunicare.es/agencias-publicidad-en-castellon-de-la-plana/,Actúa,https://www.actua.es/,actua@actua.es,(+34) 616 90 07 67
Castellón de la Plana,https://www.comunicare.es/agencias-publicidad-en-castellon-de-la-plana/,Respira,https://agenciarespira.com/respira/,,721514134
Castellón de la Plana,https://www.comunicare.es/agencias-publicidad-en-castellon-de-la-plana/,Dann Braun,http://www.dannbraun.com/,info@dannbraun.com,
Castellón de la Plana,https://www.comunicare.es/agencias-publicidad-en-castellon-de-la-plana/,La bombilla creativa,https://labombillacreativa.com/,gestion@labombillacreativa.com,(+34) 96 405 99 44
Alcorcón,https://www.comunicare.es/agencias-publicidad-en-alcorcon/,MTI,https://movemostusideas.com/,,
Alcorcón,https://www.comunicare.es/agencias-publicidad-en-alcorcon/,Ara Publicidad Sport,https://arasport.es/,info@arasport.es,(+34) 91 434 67 39
San Cristóbal de La Laguna,https://www.comunicare.es/agencias-publicidad-en-san-cristobal-de-la-laguna/,Jezzmedia,https://www.jezzmedia.com/,info@jezzmedia.com,748284211
San Cristóbal de La Laguna,https://www.comunicare.es/agencias-publicidad-en-san-cristobal-de-la-laguna/,Kingseo,https://www.kingseo.es/,,
San Cristóbal de La Laguna,https://www.comunicare.es/agencias-publicidad-en-san-cristobal-de-la-laguna/,Dosenes,https://www.dosenes.com/,info@dosenes.com,926950950
San Cristóbal de La Laguna,https://www.comunicare.es/agencias-publicidad-en-san-cristobal-de-la-laguna/,GranSEO,https://www.granseo.com/,,
Badajoz,https://www.comunicare.es/agencia-publicidad-badajoz/,MonoGráfica,https://monografica.es/,hola@monografica.es,691968591
Badajoz,https://www.comunicare.es/agencia-publicidad-badajoz/,LoveBarros,https://lovebarrospublicidad.wordpress.com/,,
Badajoz,https://www.comunicare.es/agencia-publicidad-badajoz/,Fisher,https://agenciafisher.es/,hola@agenciafisher.es,(+34) 92 498 15 08
Badajoz,https://www.comunicare.es/agencia-publicidad-badajoz/,Pinkstone,http://www.pinkstone.es/marketing-redes-sociales/almendralejo/badajoz,comercial@pinkstone.es,(+34) 91 602 72 64
Badajoz,https://www.comunicare.es/agencia-publicidad-badajoz/,Azuanet,https://www.azuanet.com/agencia-marketing-online-extremadura.html,,972165124
Badajoz,https://www.comunicare.es/agencia-publicidad-badajoz/,Agencia Visual,https://agenciavisual.es/,info@agenciavisual.es,(+34) 659 25 02 23
Badajoz,https://www.comunicare.es/agencia-publicidad-badajoz/,Necotec,https://necotec.es/precio-publicidad-seo-sem-badajoz-en-badajoz,info@necotec.es,670425979
Badajoz,https://www.comunicare.es/agencia-publicidad-badajoz/,M y D Publicidad,http://www.mydpublicidad.es/,,
Badajoz,https://www.comunicare.es/agencia-publicidad-badajoz/,QZ Comunicación,http://www.qzcomunicacion.es/empresa-diseno-web-badajoz/,,731861065
Badajoz,https://www.comunicare.es/agencia-publicidad-badajoz/,Más Marketing,https://mas-marketing.es/,info@mas-marketing.es,697356361
Salamanca,https://www.comunicare.es/agencias-publicidad-en-salamanca/,Comunica360,https://www.comunica360.com/,,894241551
Salamanca,https://www.comunicare.es/agencias-publicidad-en-salamanca/,Sietemandarinas,http://sietemandarinas.com/,,982132708
Salamanca,https://www.comunicare.es/agencias-publicidad-en-salamanca/,Loadcomunicacion,http://loadcomunicacion.com/,load@loadcomunicacion.com,
Salamanca,https://www.comunicare.es/agencias-publicidad-en-salamanca/,Menta,https://www.agenciamenta.com/,info@agenciamenta.com,
Salamanca,https://www.comunicare.es/agencias-publicidad-en-salamanca/,SPK comunicación,https://www.spkcomunicacion.com/,direccion@spkcomunicacion.com,(+34) 681 33 21 01
Salamanca,https://www.comunicare.es/agencias-publicidad-en-salamanca/,BCM,https://www.bcm.marketing/,,(+34) 93 801 69 52
Salamanca,https://www.comunicare.es/agencias-publicidad-en-salamanca/,Smartup,https://smartup.es/,infoes@smartupdigital.com,635344797
Huelva,https://www.comunicare.es/agencia-publicidad-huelva/,Agencia Bis,https://agenciabis.es/,hola@agenciabis.es,626354960
Huelva,https://www.comunicare.es/agencia-publicidad-huelva/,Ahora Digital Business,https://www.ahoradigitalbusiness.com/,,
Huelva,https://www.comunicare.es/agencia-publicidad-huelva/,Exagerarte,https://www.exagerarte.com/,,773560121
Huelva,https://www.comunicare.es/agencia-publicidad-huelva/,Azahara de Comunicaciones,https://www.azaharacomunicacion.com/,info@azaharacomunicacion.com,(+34) 95 920 04 01
Huelva,https://www.comunicare.es/agencia-publicidad-huelva/,Virfrán,http://virfran.com/,publicidad@virfran.com,(+34) 95 925 07 43
Huelva,https://www.comunicare.es/agencia-publicidad-huelva/,Comunicatura,https://comunicatura.com/,commercial@yoursite.com,609745059
Huelva,https://www.comunicare.es/agencia-publicidad-huelva/,Escuela 45,https://escuela45.es/,hola@escuela45.es,(+34) 95 958 01 33
Huelva,https://www.comunicare.es/agencia-publicidad-huelva/,Globo a Marte,http://globoamarte.com/,,
Huelva,https://www.comunicare.es/agencia-publicidad-huelva/,Gossan Pixel,http://gossanpixel.com/,,
Huelva,https://www.comunicare.es/agencia-publicidad-huelva/,Webhoy,https://webhoy.es/,info@webhoy.es,(+34) 622 12 12 51
Huelva,https://www.comunicare.es/agencia-publicidad-huelva/,Royme Publicidad,http://www.roymepublicidad.com/,,828616780
Lérida,https://www.comunicare.es/agencias-publicidad-en-lerida/,G9 Central,https://g9central.com/,info@g9central.com,675737841
Lérida,https://www.comunicare.es/agencias-publicidad-en-lerida/,La Gráfica,https://lagrafica.com/es/,info@lagrafica.com,971135208
Lérida,https://www.comunicare.es/agencias-publicidad-en-lerida/,Mixmedia,https://mixmedia.es/,hola@mixmedia.es,(+34) 93 383 70 93
Lérida,https://www.comunicare.es/agencias-publicidad-en-lerida/,iTr3s,https://itr3spublicidad.com/,info@itr3spublicidad.com,(+34) 92 853 14 30
Tarragona,https://www.comunicare.es/agencias-publicidad-en-tarragona/,Olalon,https://olalon.com/,hola@olalon.com,818801638
Tarragona,https://www.comunicare.es/agencias-publicidad-en-tarragona/,Pastor publicidad,http://pastor-publicidad.com/,info@agenciapastor.com,(+34) 97 724 07 46
Tarragona,https://www.comunicare.es/agencias-publicidad-en-tarragona/,Explay,https://explay.es/,explay@explay.es,(+34) 645 19 86 01
Tarragona,https://www.comunicare.es/agencias-publicidad-en-tarragona/,Siguemedia,https://siguemedia.com/,hello@siguemedia.com,(+34) 93 186 88 14
Dos Hermanas,https://www.comunicare.es/empresas-de-publicidad-en-dos-hermanas/,Comunica Imagen,https://comunicaimagen.es/,,
Dos Hermanas,https://www.comunicare.es/empresas-de-publicidad-en-dos-hermanas/,Base Cero,https://basecero.es/,hola@basecero.es,(+34) 95 567 91 92
Torrejón de Ardoz,https://www.comunicare.es/agencias-publicidad-en-torrejon-de-ardoz/,Metodomarketing,https://metodomarketing.com/agencia-publicidad-torrejon-ardoz/,,
Torrejón de Ardoz,https://www.comunicare.es/agencias-publicidad-en-torrejon-de-ardoz/,Providers web,https://providersweb.es/diseno-web-en-torrejon-de-ardoz/,info@providersweb.es,916709043
Torrejón de Ardoz,https://www.comunicare.es/agencias-publicidad-en-torrejon-de-ardoz/,Necotec,https://necotec.es/precio-publicidad-seo-sem-madrid-en-torrejon-de-ardoz,info@necotec.es,670425979
Torrejón de Ardoz,https://www.comunicare.es/agencias-publicidad-en-torrejon-de-ardoz/,Objetivo directo,https://www.objetivodirecto.com/,info@objetivodirecto.com,(+34) 655 01 85 93
Mataró,https://www.comunicare.es/agencias-publicidad-en-mataro/,Navigalium,https://navigalium.com/empresa.html,,
Mataró,https://www.comunicare.es/agencias-publicidad-en-mataro/,WPBR,https://wpbr.mx/,,
Mataró,https://www.comunicare.es/agencias-publicidad-en-mataro/,Aurigait,https://aurigait.net/profesionales-en-marketing-digital-mataro/,info@aurigait.net,936050290
Algeciras,https://www.comunicare.es/agencias-publicidad-en-algeciras/,"Hawkins,",https://www.lchawkins.com/,info@hawkins.es,999999999
Algeciras,https://www.comunicare.es/agencias-publicidad-en-algeciras/,Agencia Adhoc,https://www.agenciaadhoc.com/,hola@agenciaadhoc.com,(+34) 85 690 12 76
Algeciras,https://www.comunicare.es/agencias-publicidad-en-algeciras/,"Disparate,",http://www.disparate.es/,info@disparate.es,605552742
Algeciras,https://www.comunicare.es/agencias-publicidad-en-algeciras/,Mcomarketing,https://mcomarketing.es/,mco@mcomarketing.es,(+34) 95 666 02 66
Algeciras,https://www.comunicare.es/agencias-publicidad-en-algeciras/,Marketing Digital Consulting,https://marketingdigitalconsulting.com/,info@marketingdigitalconsulting.com,(+34) 660 46 91 23
Santa Coloma de Gramanet,https://www.comunicare.es/agencias-publicidad-en-santa-coloma-de-gramanet/,V3rtice,https://www.v3rtice.com/,barcelona@v3rtice.com,906028812
Cádiz,https://www.comunicare.es/agencias-publicidad-en-cadiz/,Cadigrafía,https://www.cadigrafia.com/,,956252611
Cádiz,https://www.comunicare.es/agencias-publicidad-en-cadiz/,Newmar,https://agencianewmar.es/newmar/,info@agencianewmar.es,(+34) 651 69 57 18
Cádiz,https://www.comunicare.es/agencias-publicidad-en-cadiz/,El gatonauta,http://elgatonauta.com/,despegamos@elgatonauta.com,(+34) 600 42 17 54
Cádiz,https://www.comunicare.es/agencias-publicidad-en-cadiz/,Plusmedia,https://www.plusmedia.es/,publicidad@plusmedia.es,674513229
Jaén,https://www.comunicare.es/agencias-publicidad-en-jaen/,Géminis,https://geminispublicidad.es/,geminis@geminispublicidad.com,937393739
Jaén,https://www.comunicare.es/agencias-publicidad-en-jaen/,Gudmornin,https://gudmornin.es/,,
Jaén,https://www.comunicare.es/agencias-publicidad-en-jaen/,Nodo23,https://nodo23.com/#show-menu,,
Jaén,https://www.comunicare.es/agencias-publicidad-en-jaen/,Publifer,https://www.publifer.es/,,
Orense,https://www.comunicare.es/empresas-de-publicidad-en-orense/,Redegal,https://www.redegal.com/es/,comunicacion@redegal.com,(+34) 98 854 98 58
Orense,https://www.comunicare.es/empresas-de-publicidad-en-orense/,Kuatro,https://kuatromarketing.com/,,
Orense,https://www.comunicare.es/empresas-de-publicidad-en-orense/,ADN Publicidad,http://www.adnpublicidad.es/,info@adnpublicidad.es,681060662
Reus,https://www.comunicare.es/empresas-de-publicidad-en-reus/,Daidea,https://daidea.es/,info@daidea.es,685333883
Reus,https://www.comunicare.es/empresas-de-publicidad-en-reus/,Poledigital,https://www.poledigital.com/,,
Telde,https://www.comunicare.es/agencias-publicidad-en-telde/,Publideas,https://www.crcpublideas.com/,info@crcpublideas.com,(+34) 92 868 16 17
Telde,https://www.comunicare.es/agencias-publicidad-en-telde/,Kinewa,https://www.kinewa.com/,hola@kinewa.com,928576136
Telde,https://www.comunicare.es/agencias-publicidad-en-telde/,Rex4Media,https://www.rex4media.com/,info@rex4media.com,(+34) 97 153 68 40
Telde,https://www.comunicare.es/agencias-publicidad-en-telde/,Kopelia,https://kopelia.com/,info@kopelia.com,(+34) 93 668 82 02
Telde,https://www.comunicare.es/agencias-publicidad-en-telde/,Websalia,https://www.websalia.com/,info@websalia.com,913276781
Baracaldo,https://www.comunicare.es/agencias-publicidad-en-baracaldo/,Pacay Kulturmedia,https://www.pacay.es/,info@pacay.es,(+34) 94 410 44 88
Baracaldo,https://www.comunicare.es/agencias-publicidad-en-baracaldo/,Alan & Pole,https://www.alan-pole.com/,alan@alan-pole.com,989118529
Baracaldo,https://www.comunicare.es/agencias-publicidad-en-baracaldo/,Unbuenplangroup,https://unbuenplangroup.com/,info@unbuenplangroup.com,627260166
Lugo,https://www.comunicare.es/agencias-publicidad-en-lugo/,FullSEO,https://fullseo.es/,asier@elevam.es,(+34) 613 08 86 33
Lugo,https://www.comunicare.es/agencias-publicidad-en-lugo/,"Avanza comunicación,",https://www.avanzacomunicacion.com/,,952225396
Lugo,https://www.comunicare.es/agencias-publicidad-en-lugo/,Litur.,https://www.litur.com/,marketing@litur.es,(+34) 98 114 16 62
Lugo,https://www.comunicare.es/agencias-publicidad-en-lugo/,"Saúl Vérez,",https://www.saulverez.com/,hola@saulverez.com,(+34) 615 14 24 16
Lugo,https://www.comunicare.es/agencias-publicidad-en-lugo/,"Dinamica Estudio,",https://www.dinamicaestudio.com/,soporte@dinamicaestudio.com,(+34) 664 23 00 91
Lugo,https://www.comunicare.es/agencias-publicidad-en-lugo/,AIGEN,https://aigen.org/,info@aigen.org,(+34) 669 77 29 29
Lugo,https://www.comunicare.es/agencias-publicidad-en-lugo/,Adarve Publicistas,https://www.adarvepublicistas.com/,adarve@adarvepublicistas.com,(+34) 98 224 21 23
Santiago de Compostela,https://www.comunicare.es/agencias-publicidad-en-santiago-de-compostela/,Gingerly Marketing,https://gingerlymarketing.com/,erodriguez@gingerlymarketing.com,635598949
Santiago de Compostela,https://www.comunicare.es/agencias-publicidad-en-santiago-de-compostela/,Oh my word!,https://www.ohmyword.es/,ohla@ohmyword.es,619669788
Santiago de Compostela,https://www.comunicare.es/agencias-publicidad-en-santiago-de-compostela/,Closet comunicación,https://www.closetcomunicacion.com/,info@closetcomunicacion.com,(+34) 662 20 56 82
Santiago de Compostela,https://www.comunicare.es/agencias-publicidad-en-santiago-de-compostela/,Ludica 7,https://www.ludica7.com/,info@ludica7.com,981575359
Santiago de Compostela,https://www.comunicare.es/agencias-publicidad-en-santiago-de-compostela/,Media Needs,https://medianeeds.es/es/,info@medianeeds.es,(+34) 97 711 55 55
Roquetas de Mar,https://www.comunicare.es/agencias-publicidad-en-roquetas-de-mar/,Nitrógeno,http://nitrogeno.net/,info@nitrogeno.net,950321403
Roquetas de Mar,https://www.comunicare.es/agencias-publicidad-en-roquetas-de-mar/,Talleragencia,https://www.talleragencia.com/,,
Roquetas de Mar,https://www.comunicare.es/agencias-publicidad-en-roquetas-de-mar/,Oceano,http://www.agenciaoceano.com/agencia.html,,
Roquetas de Mar,https://www.comunicare.es/agencias-publicidad-en-roquetas-de-mar/,Resolving,https://resolving.es/agencia-de-marketing-digital-en-la-provincia-de-almeria/,info@resolving.es,(+34) 614 01 34 89
Cáceres,https://www.comunicare.es/agencias-publicidad-en-caceres/,Creaerte,http://creaerte.com/,,(+34) 92 718 01 60
Cáceres,https://www.comunicare.es/agencias-publicidad-en-caceres/,Bellotad,https://bellotad.com/,info@bellotad.com,(+34) 623 04 81 95
Cáceres,https://www.comunicare.es/agencias-publicidad-en-caceres/,Webcafeina,https://webcafeina.com/,info@webcafeina.com,(+34) 677 60 11 30
Cáceres,https://www.comunicare.es/agencias-publicidad-en-caceres/,LaFábricadelSEO,https://www.lafabricadelseo.com/,info@lafabricadelseo.com,(+34) 602 24 32 17
Las Rozas de Madrid,https://www.comunicare.es/agencias-publicidad-en-las-rozas-de-madrid/,Vees,https://veescomunicacion.com/,julia@veescomunicacion.com,(+34) 91 794 20 40
Las Rozas de Madrid,https://www.comunicare.es/agencias-publicidad-en-las-rozas-de-madrid/,Thankium,https://thankium.com/,support@thankium.com,(+34) 652 63 43 96
Las Rozas de Madrid,https://www.comunicare.es/agencias-publicidad-en-las-rozas-de-madrid/,Carbonell Comunicación,https://carbonellcomunicacion.com/,info@carbonellcomunicacion.com,916305702
San Fernando,https://www.comunicare.es/agencias-publicidad-en-san-fernando/,Estudio Crealia,https://www.e-crealia.com/,info@e-crealia.com,956487206
Lorca,https://www.comunicare.es/empresas-de-publicidad-en-lorca/,Alka Link,https://alcalink.com/,hablamos@alcalink.com,(+34) 600 00 00 00
Lorca,https://www.comunicare.es/empresas-de-publicidad-en-lorca/,Madriz,http://www.madrizlorca.com/,,
Lorca,https://www.comunicare.es/empresas-de-publicidad-en-lorca/,Agencia creativa,https://agenciacreativa.net/,info@agenciacreativa.net,800100100
San Sebastián de los Reyes,https://www.comunicare.es/agencias-publicidad-en-san-sebastian-de-los-reyes/,La Factoría Creativa,https://www.lafactoriacreativa.com/,info@lafactoriacreativa.com,(+34) 95 135 33 09
El Puerto de Santa María,https://www.comunicare.es/agencias-publicidad-en-el-puerto-de-santa-maria/,Al Sur Estudio Creativo,https://alsurestudio.es/,info@alsurestudio.com,(+34) 658 52 80 81
El Puerto de Santa María,https://www.comunicare.es/agencias-publicidad-en-el-puerto-de-santa-maria/,Tooblup,https://tooblup.es/,irene@tooblup.es,700869762
El Puerto de Santa María,https://www.comunicare.es/agencias-publicidad-en-el-puerto-de-santa-maria/,Factor360,https://factor360.es/,somos@factor360.es,(+34) 97 769 07 48
El Puerto de Santa María,https://www.comunicare.es/agencias-publicidad-en-el-puerto-de-santa-maria/,PGRM,https://pgrm.es/,,
Rivas-Vaciamadrid,https://www.comunicare.es/agencias-publicidad-en-rivas-vaciamadrid/,Acierta7,https://www.acierta7.com/,,999999998
Melilla,https://www.comunicare.es/agencias-publicidad-en-melilla/,Pinkstone,https://www.pinkstone.es/,comercial@pinkstone.es,(+34) 91 602 72 64
Melilla,https://www.comunicare.es/agencias-publicidad-en-melilla/,Bigpyx,https://bigpyx.com/,,
Melilla,https://www.comunicare.es/agencias-publicidad-en-melilla/,MD,https://www.mdmarketingdigital.com/mx,info@mdmarketingdigital.com,(+34) 95 150 61 32
Pozuelo de Alarcón,https://www.comunicare.es/agencias-publicidad-en-pozuelo-de-alarcon/,Pincha aquí,https://www.pinchaaqui.es/,example@email.com,999999999
Pozuelo de Alarcón,https://www.comunicare.es/agencias-publicidad-en-pozuelo-de-alarcon/,Marketinginnova,https://marketinnova.es/,,
Ceuta,https://www.comunicare.es/agencias-publicidad-en-ceuta/,Qreativos,https://www.qreativos.es/,clientes@qreativos.es,956748011
Ceuta,https://www.comunicare.es/agencias-publicidad-en-ceuta/,SEOforce,https://seoforceagency.com/,hola@seoforce.es,(+34) 653 17 44 37
El Ejido,https://www.comunicare.es/agencias-publicidad-en-el-ejido/,Triae,https://www.triae.es/,contacto@triae.es,623584443
El Ejido,https://www.comunicare.es/agencias-publicidad-en-el-ejido/,WebLab360,https://weblab360.agency/,hola@weblab360.agency,
Talavera de la Reina,https://www.comunicare.es/agencias-publicidad-en-talavera-de-la-reina/,Publideasmedia,https://publideasmedia.com/,info@publideasmedia.com,670813500
Talavera de la Reina,https://www.comunicare.es/agencias-publicidad-en-talavera-de-la-reina/,Showland,https://www.showland.es/,,
Talavera de la Reina,https://www.comunicare.es/agencias-publicidad-en-talavera-de-la-reina/,Tres en raya,https://tresenrayapublicidad.es/,tresenraya@tresenrayapublicidad.es,982132708
Talavera de la Reina,https://www.comunicare.es/agencias-publicidad-en-talavera-de-la-reina/,Digital Factoria,https://digitalfactoria.com/,%20info@digitalfactoria.com,(+34) 92 581 22 50
Torrevieja,https://www.comunicare.es/agencias-publicidad-en-torrevieja/,Publianton,https://publiantonexterior.es/,info@grupoanton.es,965442612
Torrevieja,https://www.comunicare.es/agencias-publicidad-en-torrevieja/,BeeDigital,https://www.beedigital.es/,clientes@beedigital.es,722112269
Torrevieja,https://www.comunicare.es/agencias-publicidad-en-torrevieja/,SisoStudio,https://www.sisostudio.com/,info@sisostudio.com,(+34) 97 267 02 58
Mijas,https://www.comunicare.es/empresas-de-publicidad-en-mijas/,Agencia UP,https://www.agenciademarketingup.es/,,
Mijas,https://www.comunicare.es/empresas-de-publicidad-en-mijas/,Impresiona,https://www.impresiona.net/,info@impresiona.net,(+34) 95 247 85 54
Mijas,https://www.comunicare.es/empresas-de-publicidad-en-mijas/,Norrbom,https://www.norrbommarketing.com/,,(+34) 95 258 15 53
Coslada,https://www.comunicare.es/agencias-publicidad-en-coslada/,Providersweb,https://providersweb.es/,info@providersweb.es,916709043
Coslada,https://www.comunicare.es/agencias-publicidad-en-coslada/,Deemestudio,https://deemestudio.es/,,
Vélez-Málaga,https://www.comunicare.es/agencias-publicidad-en-velez-malaga/,Leadpages,https://lp.leadpages.com/home/,,890185918
Vélez-Málaga,https://www.comunicare.es/agencias-publicidad-en-velez-malaga/,Graodigital,https://www.graodigital.es/,,
Vélez-Málaga,https://www.comunicare.es/agencias-publicidad-en-velez-malaga/,Comonocomunicacion,https://www.comonocomunicacion.es/,info.comono@comonocomunicacion.es,(+34) 616 28 88 25
Vélez-Málaga,https://www.comunicare.es/agencias-publicidad-en-velez-malaga/,ROIncrease,https://roincrease.net/agencia-de-diseno-web/malaga/velez-malaga/,,
Vélez-Málaga,https://www.comunicare.es/agencias-publicidad-en-velez-malaga/,Assavisual,http://assavisual.com/,,
Arona,https://www.comunicare.es/agencias-publicidad-en-arona/,Jftcomunicación,https://www.jftcomunicacion.es/,info@jftcomunicacion.es,(+34) 92 250 88 00
Arona,https://www.comunicare.es/agencias-publicidad-en-arona/,Jaestic,https://jaestic.com/,jaestic@jaestic.com,(+34) 87 701 99 14
Fuengirola,https://www.comunicare.es/empresas-de-publicidad-en-fuengirola/,A&N Publicidad,https://www.anpublicidad.com/,solicitudes@anpublicidad.com,647647106
Fuengirola,https://www.comunicare.es/empresas-de-publicidad-en-fuengirola/,SEB Creativos,https://www.sebcreativos.es/,yes@sebcreativos.es,836551105
Fuengirola,https://www.comunicare.es/empresas-de-publicidad-en-fuengirola/,GAP and CO,https://gapandco.com/,info@gapandco.com,(+34) 95 246 49 15
Palencia,https://www.comunicare.es/agencias-publicidad-en-palencia/,GetResponse,https://secure.getresponse.com/,img1@1x.45bdf37a.avif,755805410
Palencia,https://www.comunicare.es/agencias-publicidad-en-palencia/,Sendinblue,https://es.sendinblue.com/,abuse@brevo.com,874557786
Palencia,https://www.comunicare.es/agencias-publicidad-en-palencia/,Benchmark,https://www.benchmarkemail.com/es/,,(+34) 91 255 88 76
Palencia,https://www.comunicare.es/agencias-publicidad-en-palencia/,Mailerlite,https://www.mailerlite.com/,info@mailerlite.com,913105704
Palencia,https://www.comunicare.es/agencias-publicidad-en-palencia/,Mailrelay,https://mailrelay.com/es,email@company.com,+3430730816106
Palencia,https://www.comunicare.es/agencias-publicidad-en-palencia/,ActiveCampaign,https://www.activecampaign.com/,press@activecampaign.com,731714311
Palencia,https://www.comunicare.es/agencias-publicidad-en-palencia/,Mailchimp,https://mailchimp.com/es/,name@company.com,623892810
Palencia,https://www.comunicare.es/agencias-publicidad-en-palencia/,Mailify,https://www.mailify.com/,email@domaine.com,
Palencia,https://www.comunicare.es/agencias-publicidad-en-palencia/,Doppler,https://www.fromdoppler.com/es/,info@fromdoppler.com,996222222
Palencia,https://www.comunicare.es/agencias-publicidad-en-palencia/,Mdirector,https://www.mdirector.com/,info@mdirector.com,(+34) 91 414 91 94
Palencia,https://www.comunicare.es/agencias-publicidad-en-palencia/,Acumbamail,https://acumbamail.com/,soporte@acumbamail.com,911988405
Palencia,https://www.comunicare.es/agencias-publicidad-en-palencia/,Mailjet,https://www.mailjet.com/,legal@mailjet.com,833333333
Palencia,https://www.comunicare.es/agencias-publicidad-en-palencia/,Rapidmail,https://www.rapidmail.es/,support@rapidmail.es,711000354
Palencia,https://www.comunicare.es/agencias-publicidad-en-palencia/,Teenvio,https://www.teenvio.com/es/,abuse@teenvio.com,(+34) 91 523 89 56
Avilés,https://www.comunicare.es/agencias-publicidad-en-aviles/,Beoffon,https://beoffon.com/,info@beoffon.com,(+34) 609 77 55 68
Avilés,https://www.comunicare.es/agencias-publicidad-en-aviles/,Sertech24,https://sertech24.com/,,
Avilés,https://www.comunicare.es/agencias-publicidad-en-aviles/,N7,https://www.n7net.com/,info@n7net.com,721514134
Manresa,https://www.comunicare.es/agencias-publicidad-en-manresa/,E2S,https://e2s.cat/es/,bustia@e2s.cat,+34439744147859
Manresa,https://www.comunicare.es/agencias-publicidad-en-manresa/,Capitanfox,https://www.capitanfox.com/,info@capitanfox.com,682457011
Manresa,https://www.comunicare.es/agencias-publicidad-en-manresa/,Devel8,https://devel8.com/,info@devel8.com,(+34) 644 78 42 91
Rubí,https://www.comunicare.es/agencias-publicidad-en-rubi/,Kortexmkt,https://www.kortexmkt.com/,info@kortexmkt.com,(+34) 93 004 96 14
Rubí,https://www.comunicare.es/agencias-publicidad-en-rubi/,Rubí5,https://rubi5.com/,marketing@rubi5.com,(+34) 98 326 58 94
Orihuela,https://www.comunicare.es/agencias-publicidad-en-orihuela/,Departamento creativo,https://www.departamentocreativo.com/,info@departamentocreativo.com,965305971
Valdemoro,https://www.comunicare.es/agencias-publicidad-en-valdemoro/,Duoncreative,http://www.apple.com/la,,724830365
Alcalá de Guadaíra,https://www.comunicare.es/agencias-publicidad-en-alcala-de-guadaira/,Tandem Perfecto,https://www.tandemperfecto.com/,info@tandemperfecto.com,666258924
Alcalá de Guadaíra,https://www.comunicare.es/agencias-publicidad-en-alcala-de-guadaira/,Inventtatte,https://inventtatte.com/,hola@inventtatte.com,954878317
Alcalá de Guadaíra,https://www.comunicare.es/agencias-publicidad-en-alcala-de-guadaira/,Publitony,https://www.publitony.com/,,
Alcalá de Guadaíra,https://www.comunicare.es/agencias-publicidad-en-alcala-de-guadaira/,Entorndigital,https://www.entorndigital.es/,info@entorndigital.es,(+34) 97 153 52 08
Alcalá de Guadaíra,https://www.comunicare.es/agencias-publicidad-en-alcala-de-guadaira/,Momo&Cía,https://momoycia.com/,cv@momoycia.com,(+34) 95 418 08 24
Gandía,https://www.comunicare.es/agencias-publicidad-en-gandia/,"acceseo,",https://www.acceseo.com/,empleo@acceseo.com,(+34) 96 633 15 88
Gandía,https://www.comunicare.es/agencias-publicidad-en-gandia/,"Microsgandía,",https://microsgandia.com/,,742423568
Gandía,https://www.comunicare.es/agencias-publicidad-en-gandia/,"Sergi Gamez,",https://es.linkedin.com/in/sergigamez,,
Gandía,https://www.comunicare.es/agencias-publicidad-en-gandia/,Necotec,https://necotec.es/,info@necotec.es,670425979
Gandía,https://www.comunicare.es/agencias-publicidad-en-gandia/,Ingenioh,https://ingenioh.com/,info@ingenioh.com,962951255
Gandía,https://www.comunicare.es/agencias-publicidad-en-gandia/,"Creativados,",https://creativados.com/,,
Santa Lucía de Tirajana,https://www.comunicare.es/agencias-publicidad-en-santa-lucia-de-tirajana/,SolucionOnline,https://www.solucionline.es/,,
Majadahonda,https://www.comunicare.es/empresas-de-publicidad-en-majadahonda/,Mediatarsis,https://www.mediatarsis.com/,laura@mediatarsis.com,915441550
Majadahonda,https://www.comunicare.es/empresas-de-publicidad-en-majadahonda/,Sumo Comunicación,https://sumocomunicacion.com/,info@sumocomunicacion.com,911289494
Paterna,https://www.comunicare.es/agencias-publicidad-en-paterna/,Bake250,https://bake250.com/es/,hola@bake250.com,(+34) 93 476 50 28
Paterna,https://www.comunicare.es/agencias-publicidad-en-paterna/,Atomic4,https://atomic4.net/,info@atomic4.net,(+34) 633 61 10 26
Paterna,https://www.comunicare.es/agencias-publicidad-en-paterna/,IsAuraMedia,https://www.isauramedia.com/,team@isauramedia.com,(+34) 92 399 46 85
Paterna,https://www.comunicare.es/agencias-publicidad-en-paterna/,Bbrand,https://b-brand.es/,,
Paterna,https://www.comunicare.es/agencias-publicidad-en-paterna/,AJA Publicidad,https://www.ajapublicidad.es/,,(+34) 91 871 54 67
Paterna,https://www.comunicare.es/agencias-publicidad-en-paterna/,MOMA agencia creativa,https://www.admoma.es/,info@admoma.es,(+34) 91 399 05 94
Paterna,https://www.comunicare.es/agencias-publicidad-en-paterna/,Babalua,https://babalua.es/,info@babalua.es,(+34) 679 00 88 74
Benidorm,https://www.comunicare.es/agencias-publicidad-en-benidorm/,Blaucomunicación,https://www.blaucomunicacion.es/,info@blaucomunicacion.es,966831770
Benidorm,https://www.comunicare.es/agencias-publicidad-en-benidorm/,Mediterra cinema,https://www.mediterracinema.com/,info@mediterracinema.com,801335786
Benidorm,https://www.comunicare.es/agencias-publicidad-en-benidorm/,Movimiento Avanza,https://www.movimientoavanza.es/,marketing@movimientoavanza.es,(+34) 669 77 29 29
Sanlúcar de Barrameda,https://www.comunicare.es/agencias-publicidad-en-sanlucar-de-barrameda/,iMeelZ,https://www.imeelz.es/,contactar@imeelz.es,(+34) 609 53 13 63
Sanlúcar de Barrameda,https://www.comunicare.es/agencias-publicidad-en-sanlucar-de-barrameda/,ArtefactoDigital,http://www.artefactodigital.es/,,
Estepona,https://www.comunicare.es/empresas-de-publicidad-en-estepona/,MD,https://www.mdmarketingdigital.com/,info@mdmarketingdigital.com,(+34) 95 150 61 32
Estepona,https://www.comunicare.es/empresas-de-publicidad-en-estepona/,Miral Solutions,https://miralinternet.com/,,
Estepona,https://www.comunicare.es/empresas-de-publicidad-en-estepona/,Makeuknown,http://www.makeuknown.com/,info@makeuknown.com,951395534
Benalmádena,https://www.comunicare.es/agencias-publicidad-en-benalmadena/,Cinpy,https://cinpy.com/agencia-publicidad-estepona/,administracion@teybus.com,(+34) 95 120 41 55
Villanueva y Geltrú,https://www.comunicare.es/agencias-publicidad-en-villanueva-y-geltru/,Igrafiq,https://www.igrafiq.com/,info@igrafiq.com,(+34) 93 657 12 21
Casteldefels,https://www.comunicare.es/agencias-publicidad-en-castelldefels/,Up to marketing,https://uptomarketing.com/agencia-de-marketing-y-comunicacion/,,932509342
Casteldefels,https://www.comunicare.es/agencias-publicidad-en-castelldefels/,Echeverría,https://echeverriaagenciadepublicidad.com/,,
Casteldefels,https://www.comunicare.es/agencias-publicidad-en-castelldefels/,Fairplay,https://fairplaycom.com/,fairplay@fairplaycom.com,(+34) 682 74 50 47
Viladecans,https://www.comunicare.es/agencias-publicidad-en-viladecans/,Development media,https://www.developmentmedia.es/,info@developmentmedia.es,(+34) 612 56 87 06
Viladecans,https://www.comunicare.es/agencias-publicidad-en-viladecans/,Vilax,https://www.vilax.es/,vilax@vilax.es,(+34) 93 633 57 84
Viladecans,https://www.comunicare.es/agencias-publicidad-en-viladecans/,La buena,https://labuena.es/,alber@labuena.es,(+34) 93 655 05 06
Sagunto,https://www.comunicare.es/agencias-publicidad-en-sagunto/,INPROA,https://inproa.com/,u003Eventas@inproa.com,622933275
Ferrol,https://www.comunicare.es/agencias-publicidad-en-ferrol/,Item-aga,https://item-aga.com/,info@item-aga.com,(+34) 98 136 40 64
Ferrol,https://www.comunicare.es/agencias-publicidad-en-ferrol/,Hyliacom,https://hyliacom.es/,administrador@hyliacom.es,981933383
Ferrol,https://www.comunicare.es/agencias-publicidad-en-ferrol/,Expublinorsa,http://www.expublinorsa.net/,,981355507
Ferrol,https://www.comunicare.es/agencias-publicidad-en-ferrol/,Empatia Comunicación,https://www.empatiacomunicacion.com/,,981138225
Ponferrada,https://www.comunicare.es/empresas-de-publicidad-en-ponferrada/,Estudio gráfica,https://www.estudiografica.com/,info@estudiografica.com,(+34) 623 05 42 64
Ponferrada,https://www.comunicare.es/empresas-de-publicidad-en-ponferrada/,SEO Hub,https://www.seohub.es/,info@seohub.es,(+34) 622 00 98 31
Ponferrada,https://www.comunicare.es/empresas-de-publicidad-en-ponferrada/,Keiva,https://www.keiva.es/,contacta@keiva.es,987012553
El Prat de Llobregat,https://www.comunicare.es/agencias-publicidad-en-el-prat-de-llobregat/,7 Publicidad,https://7publicidad.com/,,
Collado Villalba,https://www.comunicare.es/agencias-publicidad-en-collado-villalba/,Tozink,https://tozink.com/,clientes@tozink.com,(+34) 91 850 45 50
Collado Villalba,https://www.comunicare.es/agencias-publicidad-en-collado-villalba/,Webdelmarketing,http://www.webdelmarketing.com/agencia-marketing-online-madrid/,,
La Línea de la Concepción,https://www.comunicare.es/agencias-publicidad-en-la-linea-de-la-concepcion/,Thinker,https://www.thinker.cl/,contacto@thinker.cl,811181866
La Línea de la Concepción,https://www.comunicare.es/agencias-publicidad-en-la-linea-de-la-concepcion/,ROTUTEC,https://rotutec-1.jimdosite.com/,,
La Línea de la Concepción,https://www.comunicare.es/agencias-publicidad-en-la-linea-de-la-concepcion/,Crewestudio,https://www.crewestudio.es/our-team/,info@crewestudio.es,999999999
Arrecife,https://www.comunicare.es/agencias-publicidad-en-arrecife/,Cactus Publicidad,https://www.cactuspublicidad.com/contacto-publicidad-lanzarote/visi%C3%B3n-misi%C3%B3n-valores-agencia-marketing-lanzarote-las-palmas.html,,
Arrecife,https://www.comunicare.es/agencias-publicidad-en-arrecife/,MAD,https://www.madagencia.com/,,937393739
Arrecife,https://www.comunicare.es/agencias-publicidad-en-arrecife/,Marmas comunicación,https://www.marmascomunicacion.com/agencia-de-comunicacion-y-marketing-lanzarote/,,
Irún,https://www.comunicare.es/agencias-publicidad-en-irun/,3ymedia,https://3ymedia.net/videos-de-empresa/,,
Irún,https://www.comunicare.es/agencias-publicidad-en-irun/,Borgen Studio,https://www.borgenstudio.com/es/,info@borgenstudio.com,653535951
Irún,https://www.comunicare.es/agencias-publicidad-en-irun/,837comunicación,https://837comunicacion.com/,info@837comunicacion.com,(+34) 94 304 20 52
Irún,https://www.comunicare.es/agencias-publicidad-en-irun/,Kristinapach,https://www.kristinapach.com/,hola@kristinapach.com,617674473
Zamora,https://www.comunicare.es/agencias-publicidad-en-zamora/,EscándaloDigital,https://www.escandalodigital.com/index.php/agencia-marketing-online/diseno-paginas-web/diseno-web-zamora.html,,(+34) 656 19 12 47
Zamora,https://www.comunicare.es/agencias-publicidad-en-zamora/,Agustín Zamora,https://www.agustinzamora.com/,,
Granollers,https://www.comunicare.es/agencias-publicidad-en-granollers/,Alphadisseny,http://alphadisseny.com/es/empresa.html,info@alphadisseny.com,938709982
Granollers,https://www.comunicare.es/agencias-publicidad-en-granollers/,Vincent agencia,https://vincent-agencia.com/,hola@vincent-agencia.com,626086445
Granollers,https://www.comunicare.es/agencias-publicidad-en-granollers/,MorganMedia,https://morganmedia.es/agencia-marketing-digital-granollers,,915154055
Aranjuez,https://www.comunicare.es/agencias-publicidad-en-aranjuez/,Duoncreative,https://duoncreative.com/,info@duoncreative.com,(+34) 687 34 27 38
Aranjuez,https://www.comunicare.es/agencias-publicidad-en-aranjuez/,El tablón,http://eltablondearanjuez.com/contacto/,,
Aranjuez,https://www.comunicare.es/agencias-publicidad-en-aranjuez/,Gavaweb,https://gavaweb.com/,example@gmail.com,+34412724911224
Aranjuez,https://www.comunicare.es/agencias-publicidad-en-aranjuez/,Lawebdeidear,https://www.lawebdeidear.com/,,
Alcoy,https://www.comunicare.es/empresas-de-publicidad-en-alcoy/,"Difusión,",https://www.difusion.org/,,
Alcoy,https://www.comunicare.es/empresas-de-publicidad-en-alcoy/,Tectamarketing,http://www.tectamarketing.com/,,
Alcoy,https://www.comunicare.es/empresas-de-publicidad-en-alcoy/,"Beating Brain,",https://www.beatingbrain.com/,,
Alcoy,https://www.comunicare.es/empresas-de-publicidad-en-alcoy/,AdSalsa,https://www.adsalsa.com/,info@adsalsa.com,(+34) 96 533 46 70
San Vicente del Raspeig,https://www.comunicare.es/agencias-publicidad-en-san-vicente-del-raspeig/,Semrush,https://es.semrush.com/,mail@semrush.com,891166601
San Vicente del Raspeig,https://www.comunicare.es/agencias-publicidad-en-san-vicente-del-raspeig/,SEO PowerSuite,https://www.seopowersuite.es/,,902841603
San Vicente del Raspeig,https://www.comunicare.es/agencias-publicidad-en-san-vicente-del-raspeig/,Monllorseoptimizado,https://www.monllorseooptimizado.com/optimizer-manager/,info@monllorseo.com,(+34) 652 69 82 57
San Vicente del Raspeig,https://www.comunicare.es/agencias-publicidad-en-san-vicente-del-raspeig/,Rise,https://rise.com.es/es,info@rise.com.es,900400900
San Vicente del Raspeig,https://www.comunicare.es/agencias-publicidad-en-san-vicente-del-raspeig/,Brooklyn comunicación,https://brooklyncomunicacion.com/,hola@brooklyncomunicacion.com,676108321
Motril,https://www.comunicare.es/agencias-publicidad-en-motril/,2+2websites,https://2mas2websites.com/,info@2mas2websites.com,(+34) 637 24 40 93
Motril,https://www.comunicare.es/agencias-publicidad-en-motril/,Baétiac,https://baetica.com/,hola@baetica.com,915178088
Motril,https://www.comunicare.es/agencias-publicidad-en-motril/,Mood359,https://www.mood359.com/,clic@mood359.com,(+34) 623 06 44 07
Ávila,https://www.comunicare.es/agencias-publicidad-en-avila/,dmpdigitals,https://dmpdigitals.com/,dmpdigitals@gmail.com,(+34) 655 14 96 44
Linares,https://www.comunicare.es/agencias-publicidad-en-linares/,Nexo Virtual,https://nexovirtual.net/,info@nexovirtual.net,953890112
Linares,https://www.comunicare.es/agencias-publicidad-en-linares/,Korku Soft,https://www.korkusoft.es/empresa-linares.html,,
Linares,https://www.comunicare.es/agencias-publicidad-en-linares/,Publiservic,https://www.publiservic.es/,,
Sardañola del Vallés,https://www.comunicare.es/agencias-publicidad-en-sardanola-del-valles/,Jordi-Puig,https://jordi-puig.com/,hola@jordi-puig.com,677514396
Sardañola del Vallés,https://www.comunicare.es/agencias-publicidad-en-sardanola-del-valles/,Brunet Publicitat,https://www.brunetpublicitat.com/,digital@brunetpublicitat.com,(+34) 93 725 79 28
Arganda del Rey,https://www.comunicare.es/agencias-publicidad-en-arganda-del-rey/,Zoom Digital,https://www.madridposicionamientoweb.es/,info@madridposicionamientoweb.es,999999998
Arganda del Rey,https://www.comunicare.es/agencias-publicidad-en-arganda-del-rey/,Bravo publicidad,https://www.bravopublicidad.es/publicidad-en-arganda-del-rey/,control@bravopublicidad.es,(+34) 91 517 07 50
Arganda del Rey,https://www.comunicare.es/agencias-publicidad-en-arganda-del-rey/,Enzimacreativa,https://enzimacreativa.com/,hola@enzimacreativa.com,(+34) 652 16 80 82
Boadilla del Monte,https://www.comunicare.es/agencias-y-empresas-de-diseno-grafico-en-boadilla-del-monte/,Iempresa,https://www.iempresa.net,info@iempresa.net,(+34) 91 186 11 68
Boadilla del Monte,https://www.comunicare.es/agencias-y-empresas-de-diseno-grafico-en-boadilla-del-monte/,EnzimaCreativa,https://enzimacreativa.com,hola@enzimacreativa.com,(+34) 652 16 80 82
San Bartolomé de Tirajana,https://www.comunicare.es/agencias-publicidad-en-san-bartolome-de-tirajana/,Digitalea,https://digitalea.agency/empresa/,,
San Bartolomé de Tirajana,https://www.comunicare.es/agencias-publicidad-en-san-bartolome-de-tirajana/,Donamarketing,https://donamarketing.es/,ELECTRICISTALASROZAS.COM.ES@gmail.com,779737443
Huesca,https://www.comunicare.es/agencias-publicidad-en-huesca/,Atractica,https://atractica.com/,info@atractica.com,661895312
Huesca,https://www.comunicare.es/agencias-publicidad-en-huesca/,2spacios,https://www.2spacios.com/,info@2spacios.com,(+34) 97 442 92 08
Huesca,https://www.comunicare.es/agencias-publicidad-en-huesca/,La colmena creativa,https://lacolmenacreativa.es/,info@lacolmenacreativa.es,974042745
Huesca,https://www.comunicare.es/agencias-publicidad-en-huesca/,Mr. Think,https://www.mrthink.es/,info@mrthink.es,(+34) 609 12 80 55
Elda,https://www.comunicare.es/agencias-publicidad-en-elda/,Anubis,https://www.anubis.es/,info@anubis.es,(+34) 96 631 22 49
Elda,https://www.comunicare.es/agencias-publicidad-en-elda/,Enfoque-in,https://enfoquein.es/#agencia,online@enfoquein.es,(+34) 96 505 62 89
Elda,https://www.comunicare.es/agencias-publicidad-en-elda/,PAGINASWEB,https://paginasweb.tech/marketing/elda/posicionamiento-web-seo-en-la-ciudad-de-elda/,informacion@paginasweb.tech,(+34) 684 12 17 16
Elda,https://www.comunicare.es/agencias-publicidad-en-elda/,La Vache,https://lavachestudio.com/quienes-somos/,hola@lavachestudio.com,829470148
Elda,https://www.comunicare.es/agencias-publicidad-en-elda/,Atc Comunicación,https://atccomunicacion.es/,info@atccomunicacion.es,916401588
Pinto,https://www.comunicare.es/agencias-publicidad-en-pinto/,DuonCreative,https://duoncreative.com/agencia-marketing-digital-pinto/,info@duoncreative.com,(+34) 687 34 27 38
Pinto,https://www.comunicare.es/agencias-publicidad-en-pinto/,NAVE8,https://nave8.com/,hola@nave8.com,660767116
Pinto,https://www.comunicare.es/agencias-publicidad-en-pinto/,Alternativa comunicación,http://www.alternativacomunicacion.com/,,
Segovia,https://www.comunicare.es/agencias-publicidad-en-segovia/,Escándalo digital,https://www.escandalodigital.com/,,(+34) 656 19 12 47
Segovia,https://www.comunicare.es/agencias-publicidad-en-segovia/,Cease,https://www.cease.es/,informacion@cease.es,921412020
Segovia,https://www.comunicare.es/agencias-publicidad-en-segovia/,Inspiriam,http://inspiriam.es/pages/about-agency/,,
Segovia,https://www.comunicare.es/agencias-publicidad-en-segovia/,Cinco sentidos,https://www.agenciacincosentidos.com/,info@agenciacincosentidos.com,(+34) 652 84 66 75
Segovia,https://www.comunicare.es/agencias-publicidad-en-segovia/,Segomedios,http://www.segomedios.es/imprenta0.html,,
Siero,https://www.comunicare.es/agencias-publicidad-en-siero/,Dilse,https://dilsecreativo.com/,hello@dilsecreativo.com,684621469
Siero,https://www.comunicare.es/agencias-publicidad-en-siero/,Chiwake,https://www.chiwake.com/,Chiwake@chiwake.com,999999999
Torrelavega,https://www.comunicare.es/agencias-publicidad-en-torrelavega/,Índole,https://www.indole.es/,indole@indole.es,624436460
Torrelavega,https://www.comunicare.es/agencias-publicidad-en-torrelavega/,NordenEstudio,https://www.nordenestudio.es/,,721514134
Mollet del Vallés,https://www.comunicare.es/agencias-publicidad-en-mollet-del-valles/,Online Valles,https://onlinevalles.com/,info@onlinevalles.com,958304958
Mollet del Vallés,https://www.comunicare.es/agencias-publicidad-en-mollet-del-valles/,Seoseis,https://seoseis.com/,hola@seoseis.com,(+34) 93 187 87 15
Mollet del Vallés,https://www.comunicare.es/agencias-publicidad-en-mollet-del-valles/,Pickaso,https://pickaso.com/,info@pickaso.com,937224569
Utrera,https://www.comunicare.es/agencias-publicidad-en-utrera/,Maruja Limón,https://marujalimon.com/,info@marujalimon.com,(+34) 95 583 51 55
Utrera,https://www.comunicare.es/agencias-publicidad-en-utrera/,Utrera gráfica,http://utreragrafica.com/,,
Utrera,https://www.comunicare.es/agencias-publicidad-en-utrera/,DDB Centro,https://ddbcentro.com/,,
Ibiza,https://www.comunicare.es/agencia-publicidad-ibiza/,1. Morgan Media,https://morganmedia.es/agencia-marketing-digital-ibiza,,915154055
Ibiza,https://www.comunicare.es/agencia-publicidad-ibiza/,2. Ideas Ibiza,https://ideasibiza.es/,info@ideasibiza.es,(+34) 639 61 68 95
Ibiza,https://www.comunicare.es/agencia-publicidad-ibiza/,3. Becom Ibiza,https://www.becomibiza.com/,,
Ibiza,https://www.comunicare.es/agencia-publicidad-ibiza/,4. Imam Comunicación,https://www.imamcomunicacion.com/,imam@imamcomunicacion.com,(+34) 87 170 04 15
Ibiza,https://www.comunicare.es/agencia-publicidad-ibiza/,5. Ibiza Social Agency,https://www.ibizasocialagency.com/,info@ibizasocialagency.com,(+34) 686 46 30 84
Ibiza,https://www.comunicare.es/agencia-publicidad-ibiza/,6. Malla Publicidad,https://www.malla.es/,info@malla.es,(+34) 97 100 28 00
Ibiza,https://www.comunicare.es/agencia-publicidad-ibiza/,"7. Mandarina Brand,",https://mandarinabrand.com/,hello@mandarinabrand.com,(+34) 87 190 27 72
Adeje,https://www.comunicare.es/agencias-publicidad-en-adeje/,Rebelds,https://www.rebelds.com/,info@website.com,(+34) 687 74 48 43
Adeje,https://www.comunicare.es/agencias-publicidad-en-adeje/,Feeling Comunicación,https://feelingcomunicacion.es/,info@feelingcomunicacion.es,(+34) 92 278 25 17
Adeje,https://www.comunicare.es/agencias-publicidad-en-adeje/,AS,https://aspublicidad.com/,info@aspublicidad.com,(+34) 92 224 90 92
Tres Cantos,https://www.comunicare.es/agencias-publicidad-en-tres-cantos/,Dots & Pixels,https://www.dotsandpixels.es/,info@dotsandpixels.es,(+34) 618 48 61 08
Tres Cantos,https://www.comunicare.es/agencias-publicidad-en-tres-cantos/,3CWeb,https://www.3cweb.es/,info@3cweb.es,910603090
Tres Cantos,https://www.comunicare.es/agencias-publicidad-en-tres-cantos/,MasQueComunicación,https://www.masquecomunicacion.com/,,
Rincón de la Victoria,https://www.comunicare.es/agencias-publicidad-en-rincon-de-la-victoria/,Shopify,https://www.shopify.com.mx/,pedro@email.com,631861919
Rincón de la Victoria,https://www.comunicare.es/agencias-publicidad-en-rincon-de-la-victoria/,WordPress,https://wordpress.com/es/,,
Rincón de la Victoria,https://www.comunicare.es/agencias-publicidad-en-rincon-de-la-victoria/,Squarespace,https://es.squarespace.com/,support@squarespace.com,665512887
Rincón de la Victoria,https://www.comunicare.es/agencias-publicidad-en-rincon-de-la-victoria/,Wix,https://es.wix.com/,605a7baede844d278b89dc95ae0a9123@sentry-next.wixpress.com,972970002
Puertollano,https://www.comunicare.es/agencias-publicidad-en-puertollano/,Manu Jiménez,https://www.manujburgos.es/,info@manujburgos.es,(+34) 696 31 82 69
Gavá,https://www.comunicare.es/agencias-publicidad-en-gava/,Necotec,http://necotec.es,info@necotec.es,670425979
Gavá,https://www.comunicare.es/agencias-publicidad-en-gava/,Exclusive,http://agencia-marketing.online,exclusive@agencia-marketing.online,(+34) 628 63 39 60
Gavá,https://www.comunicare.es/agencias-publicidad-en-gava/,LODE + PUBLICIDAD,http://lodemaspublicidad.com,,
Gavá,https://www.comunicare.es/agencias-publicidad-en-gava/,ImProve,https://www.improveagency.es/,hola@improveagency.es,(+34) 650 81 50 74
Esplugas de Llobregat,https://www.comunicare.es/agencias-publicidad-en-esplugas-de-llobregat/,El Bulevar Creativo,http://elbulevarcreativo.com/,info@elbulevarcreativo.com,713608311
Esplugas de Llobregat,https://www.comunicare.es/agencias-publicidad-en-esplugas-de-llobregat/,Agencia SEO,https://laagenciaseo.com/,,(+34) 96 536 24 36
Esplugas de Llobregat,https://www.comunicare.es/agencias-publicidad-en-esplugas-de-llobregat/,Impulso Agency,https://impulsoagency.com/,,
Vich,https://www.comunicare.es/agencias-publicidad-en-vich/,Xplica’t S.C.P,http://xpli.cat/,,
Mairena del Aljarafe,https://www.comunicare.es/agencias-publicidad-en-mairena-de-aljarafe/,Ideario Marketing,https://ideariomarketing.es/,info@ideariomarketing.es,637821973
Santurce,https://www.comunicare.es/agencias-publicidad-en-santurce/,Sirope,https://sirope.es/,hola@sirope.es,946427799
Santurce,https://www.comunicare.es/agencias-publicidad-en-santurce/,Kemendu Projects,https://www.kemendu.com/,,
Santurce,https://www.comunicare.es/agencias-publicidad-en-santurce/,Espacio Publicidad Exterior,http://www.espaciopublicidad.com/,email@domain.com,916418152
Santurce,https://www.comunicare.es/agencias-publicidad-en-santurce/,L.F. Public,https://www.lfpublic.com/,web@lfpublic.com,(+34) 94 461 08 60
Santurce,https://www.comunicare.es/agencias-publicidad-en-santurce/,Itres Bilbao,https://itresbilbao.com/,info@itresbilbao.com,971231971
Santurce,https://www.comunicare.es/agencias-publicidad-en-santurce/,Onmotiva,http://www.onmotiva.es/,,
Santurce,https://www.comunicare.es/agencias-publicidad-en-santurce/,Iparprint,https://www.iparprint.com/,comercial@iparprint.com,658706778
Santurce,https://www.comunicare.es/agencias-publicidad-en-santurce/,Europe Media,http://www.europemedia.es/,,
Santurce,https://www.comunicare.es/agencias-publicidad-en-santurce/,DATA Comunicación,https://datacomunicacion.com/,hola@datacomunicacion.com,(+34) 682 59 65 09
Santurce,https://www.comunicare.es/agencias-publicidad-en-santurce/,Bimarket,https://www.bimarket.es/,,
Portugalete,https://www.comunicare.es/agencias-publicidad-en-portugalete/,Mediasal,https://www.mediasal.es/,mediasal@mediasal.es,893477142
Portugalete,https://www.comunicare.es/agencias-publicidad-en-portugalete/,Industrial Marketing Center,https://www.industrialmarketingcenter.com/,,
Portugalete,https://www.comunicare.es/agencias-publicidad-en-portugalete/,Excelencia Ideas Publicitarias,https://www.excelenciaip.com/,comercial@excelenciaip.com,944723222
Portugalete,https://www.comunicare.es/agencias-publicidad-en-portugalete/,Aratech,https://ara-tech.es/,,
Portugalete,https://www.comunicare.es/agencias-publicidad-en-portugalete/,Abbiocco,http://abbiocco.es/,,
Portugalete,https://www.comunicare.es/agencias-publicidad-en-portugalete/,Onmotiva,http://www.onmotiva.es,,
Portugalete,https://www.comunicare.es/agencias-publicidad-en-portugalete/,Friki Tek,https://frikitek.com/,web@frikitek.com,944020863
San Feliú de Llobregat,https://www.comunicare.es/marketing-digital-y-online-en-sant-feliu-de-llobregat/,AF Marketing,https://afmarketing.es/,,
San Feliú de Llobregat,https://www.comunicare.es/marketing-digital-y-online-en-sant-feliu-de-llobregat/,Neorg,https://www.neorgsite.com/,hola@neorgsite.com,(+34) 97 290 99 99
San Feliú de Llobregat,https://www.comunicare.es/marketing-digital-y-online-en-sant-feliu-de-llobregat/,QDQ Media,https://soluciones.qdqmedia.com/,,653127410
San Feliú de Llobregat,https://www.comunicare.es/marketing-digital-y-online-en-sant-feliu-de-llobregat/,MC Marketing,https://mcmarketing.es/,contacto@mcmarketing.es,875887128
San Feliú de Llobregat,https://www.comunicare.es/marketing-digital-y-online-en-sant-feliu-de-llobregat/,Tu Idea Mola,https://tuideamola.es/,hola@tuideamola.es,(+34) 630 63 17 59
Alcira,https://www.comunicare.es/agencias-publicidad-en-alcira/,Serseo,https://serseo.es/consultor-marketing-digital-alzira-valencia-toni-mira/,%20contacto@serseo.es,(+34) 90 273 74 99
Alcira,https://www.comunicare.es/agencias-publicidad-en-alcira/,Publiregal,https://www.publiregal.es/,,
Alcira,https://www.comunicare.es/agencias-publicidad-en-alcira/,"Multiatlas, S.L",https://www.sortlist.es/agency/multiatlas-redes-sociales,,
Alcira,https://www.comunicare.es/agencias-publicidad-en-alcira/,Necotec,https://necotec.es/precio-publicidad-seo-sem-valencia-en-alcira,info@necotec.es,670425979
Alcira,https://www.comunicare.es/agencias-publicidad-en-alcira/,Goala Marketing,https://socialmedia.goalamarketing.com/?gclid=Cj0KCQiApY6BBhCsARIsAOI_GjYtDiazAmKGjYzbUCNoEU8Kl0Tr6IeOJe3gkpODGBTGPleCnwrM6DgaAi8AEALw_wcB,tuemail@tuemail.com,(+34) 644 17 29 95
Manacor,https://www.comunicare.es/agencias-publicidad-en-manacor/,OH SI,https://ohsi.online/?fbclid=IwAR0mUPZJRMmd5wsLvdMkgyNZuGmBWmGVnZoYRkrkPBJVJDfwr8yiYzrG-y4,info@ohsi.online,824229822
Manacor,https://www.comunicare.es/agencias-publicidad-en-manacor/,Inventum,https://inventum.es/,creativos@inventum.es,999999999
Manacor,https://www.comunicare.es/agencias-publicidad-en-manacor/,Uep!,https://uepsilviaweb.com/,hola@uepsilviaweb.com,
Manacor,https://www.comunicare.es/agencias-publicidad-en-manacor/,Illa de Publicitat,http://illapublicitat.com/,illa@illapublicitat.com,(+34) 97 171 77 61
Manacor,https://www.comunicare.es/agencias-publicidad-en-manacor/,Morgan,https://morganmedia.es/agencia-marketing-digital-manacor?fbclid=IwAR1GOtCZkiUDkoWpsLllI6nQQYBRZgm7ne0s6fn_eSGvubY1es4sbvB3Emk,info@morganmedia.es,915154055
Manacor,https://www.comunicare.es/agencias-publicidad-en-manacor/,IGLU Comunicación,https://www.iglucomunicacion.es/,info@iglucomunicacion.es,(+34) 605 32 08 30
Manacor,https://www.comunicare.es/agencias-publicidad-en-manacor/,"MKLAB, laboratorio de ideas",http://mklab.es/,info@mklab.es,999999999
Manacor,https://www.comunicare.es/agencias-publicidad-en-manacor/,Ice cream,https://icecreammarketing.shop/,,
Mislata,https://www.comunicare.es/agencias-publicidad-en-mislata/,Bake Digital,https://bakedigital.com/,,615375704
Mislata,https://www.comunicare.es/agencias-publicidad-en-mislata/,Babalua,https://www.sortlist.es/agency/babalua,jane.doe@acme.com,(+34) 91 198 96 86
Mislata,https://www.comunicare.es/agencias-publicidad-en-mislata/,QTZ Marketing,https://www.sortlist.es/agency/qtz-marketing,,
Lucena,https://www.comunicare.es/agencias-publicidad-en-lucena/,Marketingpyme,https://www.marketingpyme.com/,desarrollo@marketingpyme.com,(+34) 95 792 40 60
Lucena,https://www.comunicare.es/agencias-publicidad-en-lucena/,"DIEV, diseño evolutivo",https://diev.es/,infodiev@diev.es,(+34) 95 751 07 82
Lucena,https://www.comunicare.es/agencias-publicidad-en-lucena/,Be Brand,https://bebrand.com.es/?gclid=Cj0KCQiAyJOBBhDCARIsAJG2h5e-9e_9VPGSLHYx-WiZWlT0Bjvf4TPW8BCEbw7dWdXYNAsKi_CGKygaAh1AEALw_wcB,info@bebrand.com.es,(+34) 95 778 00 55
Denia,https://www.comunicare.es/agencias-publicidad-en-denia/,Sapristi,http://www.sapristi.es/,hola@sapristi.es,(+34) 93 458 52 32
Denia,https://www.comunicare.es/agencias-publicidad-en-denia/,Avantcem,https://avantcem.com/,admin@avantcem.com,686468612
Denia,https://www.comunicare.es/agencias-publicidad-en-denia/,Difusioneo,https://difusioneo.com/,info@difusioneo.com,(+34) 626 21 84 70
Denia,https://www.comunicare.es/agencias-publicidad-en-denia/,Revoluc Projec,https://www.revolucprojec.com/,,(+34) 626 00 27 60
Denia,https://www.comunicare.es/agencias-publicidad-en-denia/,The SaaS Agency,https://www.sortlist.es/agency/the-saas-agency,,
Denia,https://www.comunicare.es/agencias-publicidad-en-denia/,Pacific Films,https://pacificfilms.es/,,706896699
Denia,https://www.comunicare.es/agencias-publicidad-en-denia/,PGK Marketing Dgital,https://www.sortlist.es/agency/pgk-marketing-dgital,,
Alcantarilla,https://www.comunicare.es/agencias-publicidad-en-alcantarilla/,Planaweb,https://planaweb.es/planaweb/,hola@jesusguirao.com,(+34) 695 66 53 45
Alcantarilla,https://www.comunicare.es/agencias-publicidad-en-alcantarilla/,Beedigital,https://www.beedigital.es/productos/agencia-de-publicidad-murcia/,,744161975
La Orotava,https://www.comunicare.es/agencias-publicidad-en-la-orotava//,Necotec,https://necotec.es/precio-publicidad-seo-sem-santa-cruz-de-tenerife-en-la-orotava,info@necotec.es,670425979
La Orotava,https://www.comunicare.es/agencias-publicidad-en-la-orotava//,FreshCommerce,https://www.sortlist.es/agency/freshcommerce,,
La Orotava,https://www.comunicare.es/agencias-publicidad-en-la-orotava//,Below,https://www.sortlist.es/agency/below,,
Puerto Real,https://www.comunicare.es/agencias-publicidad-en-puerto-real/,Mario Gargon,https://www.mariogargon.com/,,
Puerto Real,https://www.comunicare.es/agencias-publicidad-en-puerto-real/,Pinkstone,http://www.pinkstone.es/agencia-marketing/posicionamiento-seo-sem/puerto-real/cadiz,comercial@pinkstone.es,(+34) 91 602 72 64
Puerto Real,https://www.comunicare.es/agencias-publicidad-en-puerto-real/,De Sobrino y Asociados,http://desobrinoyasociados.com/,,610820521
Puerto Real,https://www.comunicare.es/agencias-publicidad-en-puerto-real/,Visionary Productions,https://www.sortlist.es/agency/visionary-productions,jane.doe@acme.com,(+34) 91 198 96 86
Puerto Real,https://www.comunicare.es/agencias-publicidad-en-puerto-real/,Déjate Conocer,https://www.sortlist.es/agency/dejate-conocer,,
Puerto Real,https://www.comunicare.es/agencias-publicidad-en-puerto-real/,Publiup,https://posicionamientowebonline.com/posicionamiento-en-google-en-puerto-real/,,
Antequera,https://www.comunicare.es/agencias-publicidad-en-antequera/,Cinpy,https://cinpy.com/,administracion@teybus.com,(+34) 95 120 41 55
Antequera,https://www.comunicare.es/agencias-publicidad-en-antequera/,ODARIT,https://www.odarit.com/,info@odarit.com,(+34) 95 265 18 78
Antequera,https://www.comunicare.es/agencias-publicidad-en-antequera/,Neico,https://neicocomunicacion.es/,info@neicocomunicacion.es,951337547
Antequera,https://www.comunicare.es/agencias-publicidad-en-antequera/,NUVA,https://www.nuva.es/,alexdaniels@gmail.com,721514134
Puerto del Rosario,https://www.comunicare.es/las-mejores-agencias-publicidad-en-puerto-del-rosario/,Publicidad 247,https://publicidad247.com/,,
Puerto del Rosario,https://www.comunicare.es/las-mejores-agencias-publicidad-en-puerto-del-rosario/,ALONSO PUBLICIDAD,http://alonsopublicidad.com/,,
Puerto del Rosario,https://www.comunicare.es/las-mejores-agencias-publicidad-en-puerto-del-rosario/,Studio26,https://www.studioweb26.es/,,
Basauri,https://www.comunicare.es/agencias-publicidad-en-basauri/,Komunikarte,https://komunikarte.es/,,
Basauri,https://www.comunicare.es/agencias-publicidad-en-basauri/,Emociona,https://www.emociona.biz/,emociona@emociona.biz,(+34) 94 439 99 74
Basauri,https://www.comunicare.es/agencias-publicidad-en-basauri/,DREAMS COMUNICACIÓN,https://dreamscomunicacion.com/,,
Basauri,https://www.comunicare.es/agencias-publicidad-en-basauri/,IMAGINE GROUP,http://www.imaginegrupo.com/,,818801638
Basauri,https://www.comunicare.es/agencias-publicidad-en-basauri/,ARTEFACTO,https://www.artefactobilbao.com/,info@artefactobilbao.com,829470148
Alhaurín de la Torre,https://www.comunicare.es/agencias-publicidad-en-alhaurin-de-la-torre/,Sublimar.es,https://sublimar.es/,info@sublimar.es,(+34) 688 90 07 82
Alhaurín de la Torre,https://www.comunicare.es/agencias-publicidad-en-alhaurin-de-la-torre/,Discrepa,https://www.sortlist.es/agency/discrepa,,
Alhaurín de la Torre,https://www.comunicare.es/agencias-publicidad-en-alhaurin-de-la-torre/,Pubext 2000,https://www.sortlist.es/agency/pubext-2000,jane.doe@acme.com,(+34) 91 198 96 86
Alhaurín de la Torre,https://www.comunicare.es/agencias-publicidad-en-alhaurin-de-la-torre/,Woland,https://www.woland.es/,jorge@woland.es,(+34) 627 65 59 80
Alhaurín de la Torre,https://www.comunicare.es/agencias-publicidad-en-alhaurin-de-la-torre/,Genabyte,http://genabyte.es/,info@genabyte.es,636632844
Alhaurín de la Torre,https://www.comunicare.es/agencias-publicidad-en-alhaurin-de-la-torre/,Comunika2 Marketing,https://comunica-2.es/,info@comunica-2.es,(+34) 96 206 54 53
